Region,City,Year,Country,Month,OriginalMonthlyValue,flight_trends,airbnb_trends,hotel_trends
Galicia,Santiago de Compostela,2020,Spain,January,123.926,1.25,3.5,62.0
Galicia,Santiago de Compostela,2020,Spain,February,111.105,3.0,4.25,74.5
Galicia,Santiago de Compostela,2020,Spain,March,198.052,0.0,1.8,62.6
Galicia,Santiago de Compostela,2020,Spain,April,229.283,0.0,1.0,24.0
Galicia,Santiago de Compostela,2020,Spain,May,333.951,0.0,0.0,22.2
Galicia,Santiago de Compostela,2020,Spain,June,728.421,0.0,1.25,42.5
Galicia,Santiago de Compostela,2020,Spain,July,1.747.272,0.0,0.0,51.5
Galicia,Santiago de Compostela,2020,Spain,August,2.384.589,0.0,0.0,55.0
Galicia,Santiago de Compostela,2020,Spain,September,1.265.654,0.0,0.0,39.25
Galicia,Santiago de Compostela,2020,Spain,October,913.105,0.0,2.25,33.5
Galicia,Santiago de Compostela,2020,Spain,November,481.341,0.0,0.0,18.2
Galicia,Santiago de Compostela,2020,Spain,December,439.349,0.0,0.0,19.5
Galicia,Santiago de Compostela,2021,Spain,January,123.926,0.0,0.8,18.0
Galicia,Santiago de Compostela,2021,Spain,February,111.105,0.0,0.0,20.75
Galicia,Santiago de Compostela,2021,Spain,March,198.052,0.0,1.25,22.5
Galicia,Santiago de Compostela,2021,Spain,April,229.283,0.0,0.0,26.25
Galicia,Santiago de Compostela,2021,Spain,May,333.951,0.0,2.4,42.8
Galicia,Santiago de Compostela,2021,Spain,June,728.421,0.0,5.0,64.0
Galicia,Santiago de Compostela,2021,Spain,July,1.747.272,0.0,7.5,79.25
Galicia,Santiago de Compostela,2021,Spain,August,2.384.589,0.0,5.4,84.0
Galicia,Santiago de Compostela,2021,Spain,September,1.265.654,1.75,3.25,70.5
Galicia,Santiago de Compostela,2021,Spain,October,913.105,0.0,2.4,59.4
Galicia,Santiago de Compostela,2021,Spain,November,481.341,0.0,0.0,43.0
Galicia,Santiago de Compostela,2021,Spain,December,439.349,0.0,0.0,28.5
Galicia,Santiago de Compostela,2022,Spain,January,272.719,1.0,2.2,40.8
Galicia,Santiago de Compostela,2022,Spain,February,360.330,1.25,5.25,57.5
Galicia,Santiago de Compostela,2022,Spain,March,459.982,3.25,7.75,62.75
Galicia,Santiago de Compostela,2022,Spain,April,861.802,5.0,8.75,77.75
Galicia,Santiago de Compostela,2022,Spain,May,1.004.242,4.6,9.8,82.0
Galicia,Santiago de Compostela,2022,Spain,June,1.306.274,6.0,10.25,85.0
Galicia,Santiago de Compostela,2022,Spain,July,2.120.808,5.6,10.0,92.0
Galicia,Santiago de Compostela,2022,Spain,August,2.638.809,2.25,9.5,85.5
Galicia,Santiago de Compostela,2022,Spain,September,1.436.881,3.25,7.25,78.0
Galicia,Santiago de Compostela,2022,Spain,October,1.091.443,1.6,5.0,60.4
Galicia,Santiago de Compostela,2022,Spain,November,574.165,0.0,3.25,45.5
Galicia,Santiago de Compostela,2022,Spain,December,518.302,0.0,2.75,34.5
Galicia,Santiago de Compostela,2023,Spain,January,361.970,2.0,4.0,49.0
Galicia,Santiago de Compostela,2023,Spain,February,396.658,2.5,4.0,55.0
Galicia,Santiago de Compostela,2023,Spain,March,559.201,5.25,7.0,62.5
Galicia,Santiago de Compostela,2023,Spain,April,1.052.515,5.6,7.2,70.2
Galicia,Santiago de Compostela,2023,Spain,May,1.105.611,5.0,7.5,76.25
Galicia,Santiago de Compostela,2023,Spain,June,1.363.942,5.75,7.0,73.5
Galicia,Santiago de Compostela,2023,Spain,July,2.117.531,4.0,7.4,79.6
Galicia,Santiago de Compostela,2023,Spain,August,2.715.570,4.25,8.25,77.5
Galicia,Santiago de Compostela,2023,Spain,September,1.563.858,4.5,5.5,72.5
Galicia,Santiago de Compostela,2023,Spain,October,1.139.635,5.6,3.4,58.0
Galicia,Santiago de Compostela,2023,Spain,November,573.591,0.0,3.0,42.0
Galicia,Santiago de Compostela,2023,Spain,December,564.914,2.0,0.8,38.0
Galicia,Santiago de Compostela,2024,Spain,January,356.205,5.75,6.0,49.0
Galicia,Santiago de Compostela,2024,Spain,February,411.443,1.25,6.0,52.5
Galicia,Santiago de Compostela,2024,Spain,March,693.196,5.0,6.8,57.8
Galicia,Santiago de Compostela,2024,Spain,April,827.247,6.0,4.75,61.75
Galicia,Santiago de Compostela,2024,Spain,May,1.156.442,5.5,5.75,73.5
Galicia,Santiago de Compostela,2024,Spain,June,1.336.649,6.6,6.8,69.2
Galicia,Santiago de Compostela,2024,Spain,July,2.015.472,4.5,6.25,68.25
Galicia,Santiago de Compostela,2024,Spain,August,2.667.570,6.25,6.5,76.75
Galicia,Santiago de Compostela,2024,Spain,September,1.544.010,5.8,3.6,66.0
Galicia,Santiago de Compostela,2024,Spain,October,1.091.542,4.25,0.0,50.5
Galicia,Santiago de Compostela,2024,Spain,November,655.540,0.0,0.0,38.75
Galicia,Santiago de Compostela,2024,Spain,December,550.563,2.4,1.2,33.4
Principado de Asturias,Oviedo,2020,Spain,January,40.935,0.75,4.75,66.75
Principado de Asturias,Oviedo,2020,Spain,February,39.758,0.0,3.5,74.0
Principado de Asturias,Oviedo,2020,Spain,March,52.273,0.0,1.6,33.0
Principado de Asturias,Oviedo,2020,Spain,April,60.014,0.0,0.0,15.75
Principado de Asturias,Oviedo,2020,Spain,May,151.533,0.0,0.6,22.6
Principado de Asturias,Oviedo,2020,Spain,June,399.350,0.0,2.5,44.75
Principado de Asturias,Oviedo,2020,Spain,July,1.120.893,0.0,4.5,71.25
Principado de Asturias,Oviedo,2020,Spain,August,1.586.638,0.0,2.6,69.0
Principado de Asturias,Oviedo,2020,Spain,September,676.176,0.0,0.0,47.0
Principado de Asturias,Oviedo,2020,Spain,October,448.571,0.0,0.0,50.5
Principado de Asturias,Oviedo,2020,Spain,November,204.768,0.0,0.0,23.8
Principado de Asturias,Oviedo,2020,Spain,December,224.567,0.0,0.75,26.75
Principado de Asturias,Oviedo,2021,Spain,January,40.935,0.0,0.0,23.0
Principado de Asturias,Oviedo,2021,Spain,February,39.758,0.0,0.0,25.0
Principado de Asturias,Oviedo,2021,Spain,March,52.273,0.0,1.25,27.25
Principado de Asturias,Oviedo,2021,Spain,April,60.014,0.0,1.0,30.75
Principado de Asturias,Oviedo,2021,Spain,May,151.533,0.0,2.0,48.8
Principado de Asturias,Oviedo,2021,Spain,June,399.350,0.0,4.5,63.25
Principado de Asturias,Oviedo,2021,Spain,July,1.120.893,0.0,4.75,78.75
Principado de Asturias,Oviedo,2021,Spain,August,1.586.638,0.0,5.2,84.0
Principado de Asturias,Oviedo,2021,Spain,September,676.176,0.0,0.0,60.0
Principado de Asturias,Oviedo,2021,Spain,October,448.571,0.0,1.8,58.2
Principado de Asturias,Oviedo,2021,Spain,November,204.768,0.0,0.0,46.25
Principado de Asturias,Oviedo,2021,Spain,December,224.567,0.0,0.0,32.75
Principado de Asturias,Oviedo,2022,Spain,January,127.159,0.0,0.8,41.0
Principado de Asturias,Oviedo,2022,Spain,February,165.527,0.0,3.5,52.25
Principado de Asturias,Oviedo,2022,Spain,March,193.469,0.0,4.25,49.0
Principado de Asturias,Oviedo,2022,Spain,April,419.425,1.0,5.25,61.0
Principado de Asturias,Oviedo,2022,Spain,May,369.655,0.8,5.2,58.6
Principado de Asturias,Oviedo,2022,Spain,June,554.086,0.0,5.5,68.5
Principado de Asturias,Oviedo,2022,Spain,July,1.200.131,0.6,6.0,77.0
Principado de Asturias,Oviedo,2022,Spain,August,1.546.856,0.75,5.0,72.0
Principado de Asturias,Oviedo,2022,Spain,September,671.175,0.0,3.5,60.25
Principado de Asturias,Oviedo,2022,Spain,October,412.174,0.6,2.8,57.8
Principado de Asturias,Oviedo,2022,Spain,November,219.884,0.0,3.25,47.75
Principado de Asturias,Oviedo,2022,Spain,December,229.743,0.0,1.25,43.5
Principado de Asturias,Oviedo,2023,Spain,January,150.743,0.6,4.6,48.0
Principado de Asturias,Oviedo,2023,Spain,February,178.037,0.0,4.25,51.0
Principado de Asturias,Oviedo,2023,Spain,March,237.031,0.75,5.25,52.0
Principado de Asturias,Oviedo,2023,Spain,April,515.357,2.2,4.6,52.8
Principado de Asturias,Oviedo,2023,Spain,May,430.301,0.0,4.0,51.75
Principado de Asturias,Oviedo,2023,Spain,June,641.455,0.0,6.5,59.5
Principado de Asturias,Oviedo,2023,Spain,July,1.228.727,0.0,6.6,72.8
Principado de Asturias,Oviedo,2023,Spain,August,1.572.925,0.0,5.0,69.5
Principado de Asturias,Oviedo,2023,Spain,September,750.434,0.0,2.75,60.75
Principado de Asturias,Oviedo,2023,Spain,October,481.849,0.6,4.4,57.8
Principado de Asturias,Oviedo,2023,Spain,November,235.270,0.0,3.25,47.75
Principado de Asturias,Oviedo,2023,Spain,December,250.620,0.0,3.2,41.6
Principado de Asturias,Oviedo,2024,Spain,January,174.066,0.0,3.0,49.25
Principado de Asturias,Oviedo,2024,Spain,February,183.898,0.0,2.0,50.75
Principado de Asturias,Oviedo,2024,Spain,March,390.547,0.0,3.6,57.4
Principado de Asturias,Oviedo,2024,Spain,April,347.818,1.5,3.75,57.25
Principado de Asturias,Oviedo,2024,Spain,May,465.479,1.25,4.75,62.5
Principado de Asturias,Oviedo,2024,Spain,June,618.504,1.4,4.2,67.8
Principado de Asturias,Oviedo,2024,Spain,July,1.204.885,1.75,6.0,75.5
Principado de Asturias,Oviedo,2024,Spain,August,1.604.640,0.0,5.75,76.5
Principado de Asturias,Oviedo,2024,Spain,September,740.125,0.8,3.0,62.2
Principado de Asturias,Oviedo,2024,Spain,October,430.316,0.0,2.5,59.25
Principado de Asturias,Oviedo,2024,Spain,November,281.605,0.0,2.5,42.75
Principado de Asturias,Oviedo,2024,Spain,December,247.787,0.8,0.6,39.0
Cantabria,Santander,2020,Spain,January,28.819,4.0,7.75,73.0
Cantabria,Santander,2020,Spain,February,35.211,3.25,8.25,72.0
Cantabria,Santander,2020,Spain,March,41.813,3.0,4.6,32.8
Cantabria,Santander,2020,Spain,April,51.137,2.25,1.75,18.0
Cantabria,Santander,2020,Spain,May,123.143,1.4,3.4,24.0
Cantabria,Santander,2020,Spain,June,413.229,1.25,7.25,50.75
Cantabria,Santander,2020,Spain,July,973.979,2.25,9.5,70.0
Cantabria,Santander,2020,Spain,August,1.256.685,1.8,7.6,65.6
Cantabria,Santander,2020,Spain,September,606.053,0.75,4.0,45.25
Cantabria,Santander,2020,Spain,October,324.211,0.75,3.0,38.75
Cantabria,Santander,2020,Spain,November,144.036,0.6,2.6,27.2
Cantabria,Santander,2020,Spain,December,131.740,0.75,3.75,30.25
Cantabria,Santander,2021,Spain,January,28.819,0.6,3.2,29.6
Cantabria,Santander,2021,Spain,February,35.211,0.5,3.0,31.75
Cantabria,Santander,2021,Spain,March,41.813,0.25,2.25,33.0
Cantabria,Santander,2021,Spain,April,51.137,0.5,3.75,33.25
Cantabria,Santander,2021,Spain,May,123.143,1.6,5.6,52.0
Cantabria,Santander,2021,Spain,June,413.229,1.75,8.25,70.25
Cantabria,Santander,2021,Spain,July,973.979,1.25,9.0,76.5
Cantabria,Santander,2021,Spain,August,1.256.685,1.8,6.8,77.4
Cantabria,Santander,2021,Spain,September,606.053,2.0,5.0,57.5
Cantabria,Santander,2021,Spain,October,324.211,1.6,4.0,58.6
Cantabria,Santander,2021,Spain,November,144.036,1.75,3.0,45.75
Cantabria,Santander,2021,Spain,December,131.740,2.0,3.5,40.25
Cantabria,Santander,2022,Spain,January,95.103,2.4,6.0,53.0
Cantabria,Santander,2022,Spain,February,133.035,2.75,6.25,57.0
Cantabria,Santander,2022,Spain,March,175.340,3.0,7.75,59.0
Cantabria,Santander,2022,Spain,April,420.194,3.0,8.75,71.75
Cantabria,Santander,2022,Spain,May,425.544,4.0,8.6,67.2
Cantabria,Santander,2022,Spain,June,578.656,4.5,10.0,76.5
Cantabria,Santander,2022,Spain,July,1.100.904,4.4,12.0,91.2
Cantabria,Santander,2022,Spain,August,1.328.990,4.25,9.5,84.75
Cantabria,Santander,2022,Spain,September,675.016,3.25,7.0,65.0
Cantabria,Santander,2022,Spain,October,353.051,2.6,6.4,59.0
Cantabria,Santander,2022,Spain,November,153.060,2.5,4.75,48.5
Cantabria,Santander,2022,Spain,December,141.876,2.5,4.75,44.0
Cantabria,Santander,2023,Spain,January,92.617,4.0,8.0,59.2
Cantabria,Santander,2023,Spain,February,118.364,3.5,8.0,57.0
Cantabria,Santander,2023,Spain,March,208.385,3.5,8.0,59.25
Cantabria,Santander,2023,Spain,April,505.135,3.8,8.2,64.6
Cantabria,Santander,2023,Spain,May,407.951,3.25,8.0,60.25
Cantabria,Santander,2023,Spain,June,612.414,4.0,10.0,68.0
Cantabria,Santander,2023,Spain,July,1.121.150,3.8,10.2,76.4
Cantabria,Santander,2023,Spain,August,1.351.572,3.5,8.75,76.0
Cantabria,Santander,2023,Spain,September,688.297,3.5,6.25,58.5
Cantabria,Santander,2023,Spain,October,373.854,3.4,5.2,51.8
Cantabria,Santander,2023,Spain,November,167.748,2.75,5.0,45.5
Cantabria,Santander,2023,Spain,December,162.942,2.6,5.4,45.8
Cantabria,Santander,2024,Spain,January,113.925,3.0,6.75,51.0
Cantabria,Santander,2024,Spain,February,127.420,3.25,7.25,51.5
Cantabria,Santander,2024,Spain,March,347.547,4.2,7.4,56.0
Cantabria,Santander,2024,Spain,April,378.306,3.75,7.0,53.75
Cantabria,Santander,2024,Spain,May,489.410,4.0,7.25,56.25
Cantabria,Santander,2024,Spain,June,603.621,3.8,7.8,60.0
Cantabria,Santander,2024,Spain,July,1.243.908,4.0,9.0,72.25
Cantabria,Santander,2024,Spain,August,1.476.134,3.5,7.5,71.5
Cantabria,Santander,2024,Spain,September,662.282,3.8,6.0,53.4
Cantabria,Santander,2024,Spain,October,312.264,2.5,5.0,46.75
Cantabria,Santander,2024,Spain,November,199.642,2.5,3.75,42.25
Cantabria,Santander,2024,Spain,December,158.245,3.4,4.4,40.0
País Vasco,San Sebastián,2020,Spain,January,115.521,0.0,0.0,53.5
País Vasco,San Sebastián,2020,Spain,February,116.710,0.0,0.0,51.75
País Vasco,San Sebastián,2020,Spain,March,210.058,0.0,0.0,16.0
País Vasco,San Sebastián,2020,Spain,April,271.796,0.0,0.0,11.5
País Vasco,San Sebastián,2020,Spain,May,258.410,0.0,0.0,21.0
País Vasco,San Sebastián,2020,Spain,June,436.281,0.0,0.0,47.25
País Vasco,San Sebastián,2020,Spain,July,873.652,0.0,0.0,62.5
País Vasco,San Sebastián,2020,Spain,August,1.257.980,0.0,2.0,60.4
País Vasco,San Sebastián,2020,Spain,September,709.103,0.0,0.0,38.5
País Vasco,San Sebastián,2020,Spain,October,702.934,0.0,0.0,38.25
País Vasco,San Sebastián,2020,Spain,November,481.448,0.0,0.0,22.6
País Vasco,San Sebastián,2020,Spain,December,426.932,0.0,0.0,21.5
País Vasco,San Sebastián,2021,Spain,January,115.521,0.0,0.0,19.8
País Vasco,San Sebastián,2021,Spain,February,116.710,0.0,0.0,20.75
País Vasco,San Sebastián,2021,Spain,March,210.058,0.0,0.0,32.0
País Vasco,San Sebastián,2021,Spain,April,271.796,3.5,0.0,20.5
País Vasco,San Sebastián,2021,Spain,May,258.410,0.0,0.0,43.2
País Vasco,San Sebastián,2021,Spain,June,436.281,0.0,0.0,59.5
País Vasco,San Sebastián,2021,Spain,July,873.652,0.0,0.0,60.0
País Vasco,San Sebastián,2021,Spain,August,1.257.980,0.0,0.0,77.2
País Vasco,San Sebastián,2021,Spain,September,709.103,0.0,0.0,55.75
País Vasco,San Sebastián,2021,Spain,October,702.934,0.0,0.0,51.8
País Vasco,San Sebastián,2021,Spain,November,481.448,0.0,0.0,42.0
País Vasco,San Sebastián,2021,Spain,December,426.932,0.0,0.0,37.75
País Vasco,San Sebastián,2022,Spain,January,286.653,0.0,0.0,48.6
País Vasco,San Sebastián,2022,Spain,February,387.703,0.0,0.0,60.5
País Vasco,San Sebastián,2022,Spain,March,505.622,0.0,2.25,61.0
País Vasco,San Sebastián,2022,Spain,April,724.803,0.0,2.5,71.0
País Vasco,San Sebastián,2022,Spain,May,745.960,0.0,1.6,71.6
País Vasco,San Sebastián,2022,Spain,June,868.951,0.0,2.5,75.75
País Vasco,San Sebastián,2022,Spain,July,1.247.309,0.0,0.0,85.4
País Vasco,San Sebastián,2022,Spain,August,1.359.182,0.0,3.25,90.25
País Vasco,San Sebastián,2022,Spain,September,900.388,0.0,0.0,63.25
País Vasco,San Sebastián,2022,Spain,October,791.043,0.0,1.6,65.6
País Vasco,San Sebastián,2022,Spain,November,556.056,0.0,0.0,48.5
País Vasco,San Sebastián,2022,Spain,December,516.033,0.0,0.0,50.5
País Vasco,San Sebastián,2023,Spain,January,417.251,0.0,0.0,60.2
País Vasco,San Sebastián,2023,Spain,February,473.018,0.0,0.0,58.25
País Vasco,San Sebastián,2023,Spain,March,589.656,0.0,0.0,67.25
País Vasco,San Sebastián,2023,Spain,April,823.524,0.0,0.0,69.0
País Vasco,San Sebastián,2023,Spain,May,832.061,0.0,0.0,65.5
País Vasco,San Sebastián,2023,Spain,June,911.219,0.0,0.0,75.25
País Vasco,San Sebastián,2023,Spain,July,1.247.269,0.0,3.0,81.2
País Vasco,San Sebastián,2023,Spain,August,1.403.041,0.0,0.0,84.5
País Vasco,San Sebastián,2023,Spain,September,997.237,0.0,0.0,72.5
País Vasco,San Sebastián,2023,Spain,October,870.754,0.0,0.0,65.2
País Vasco,San Sebastián,2023,Spain,November,590.644,0.0,0.0,57.5
País Vasco,San Sebastián,2023,Spain,December,570.432,0.0,0.0,56.0
País Vasco,San Sebastián,2024,Spain,January,453.365,0.0,0.0,70.5
País Vasco,San Sebastián,2024,Spain,February,500.292,0.0,0.0,69.0
País Vasco,San Sebastián,2024,Spain,March,744.776,0.0,2.0,78.0
País Vasco,San Sebastián,2024,Spain,April,783.008,0.0,0.0,66.75
País Vasco,San Sebastián,2024,Spain,May,923.791,0.0,0.0,70.0
País Vasco,San Sebastián,2024,Spain,June,928.780,0.0,3.2,70.0
País Vasco,San Sebastián,2024,Spain,July,1.255.770,0.0,0.0,77.0
País Vasco,San Sebastián,2024,Spain,August,1.460.995,0.0,0.0,84.5
País Vasco,San Sebastián,2024,Spain,September,1.012.015,0.0,0.0,67.4
País Vasco,San Sebastián,2024,Spain,October,900.551,0.0,0.0,59.25
País Vasco,San Sebastián,2024,Spain,November,685.544,0.0,0.0,51.25
País Vasco,San Sebastián,2024,Spain,December,604.220,0.0,0.0,55.0
Comunidad Foral de Navarra,Pamplona,2020,Spain,January,57.641,0.0,5.25,70.5
Comunidad Foral de Navarra,Pamplona,2020,Spain,February,73.222,0.0,4.75,74.25
Comunidad Foral de Navarra,Pamplona,2020,Spain,March,93.501,0.0,1.0,37.4
Comunidad Foral de Navarra,Pamplona,2020,Spain,April,115.143,0.0,0.0,18.75
Comunidad Foral de Navarra,Pamplona,2020,Spain,May,146.101,0.0,0.0,24.2
Comunidad Foral de Navarra,Pamplona,2020,Spain,June,213.277,0.0,2.75,47.0
Comunidad Foral de Navarra,Pamplona,2020,Spain,July,429.361,0.0,2.0,49.0
Comunidad Foral de Navarra,Pamplona,2020,Spain,August,624.558,0.0,3.2,50.6
Comunidad Foral de Navarra,Pamplona,2020,Spain,September,345.612,0.0,0.0,46.5
Comunidad Foral de Navarra,Pamplona,2020,Spain,October,343.609,0.0,1.25,38.75
Comunidad Foral de Navarra,Pamplona,2020,Spain,November,176.204,0.0,0.0,25.8
Comunidad Foral de Navarra,Pamplona,2020,Spain,December,153.887,0.0,0.0,26.25
Comunidad Foral de Navarra,Pamplona,2021,Spain,January,57.641,0.0,0.0,33.6
Comunidad Foral de Navarra,Pamplona,2021,Spain,February,73.222,0.0,0.0,33.0
Comunidad Foral de Navarra,Pamplona,2021,Spain,March,93.501,0.0,0.0,31.75
Comunidad Foral de Navarra,Pamplona,2021,Spain,April,115.143,0.0,0.0,34.75
Comunidad Foral de Navarra,Pamplona,2021,Spain,May,146.101,0.0,2.6,54.2
Comunidad Foral de Navarra,Pamplona,2021,Spain,June,213.277,0.0,3.5,57.75
Comunidad Foral de Navarra,Pamplona,2021,Spain,July,429.361,0.0,3.0,64.75
Comunidad Foral de Navarra,Pamplona,2021,Spain,August,624.558,0.0,3.0,81.2
Comunidad Foral de Navarra,Pamplona,2021,Spain,September,345.612,0.0,3.25,62.25
Comunidad Foral de Navarra,Pamplona,2021,Spain,October,343.609,0.0,1.8,59.8
Comunidad Foral de Navarra,Pamplona,2021,Spain,November,176.204,0.0,2.75,50.25
Comunidad Foral de Navarra,Pamplona,2021,Spain,December,153.887,0.0,1.0,38.25
Comunidad Foral de Navarra,Pamplona,2022,Spain,January,99.937,0.0,4.4,47.8
Comunidad Foral de Navarra,Pamplona,2022,Spain,February,133.403,0.0,5.0,62.75
Comunidad Foral de Navarra,Pamplona,2022,Spain,March,187.005,0.0,5.25,65.5
Comunidad Foral de Navarra,Pamplona,2022,Spain,April,352.571,0.75,5.75,78.5
Comunidad Foral de Navarra,Pamplona,2022,Spain,May,367.636,1.4,5.6,73.0
Comunidad Foral de Navarra,Pamplona,2022,Spain,June,357.434,0.75,6.75,76.25
Comunidad Foral de Navarra,Pamplona,2022,Spain,July,492.160,0.8,7.0,80.8
Comunidad Foral de Navarra,Pamplona,2022,Spain,August,653.042,0.0,4.75,75.0
Comunidad Foral de Navarra,Pamplona,2022,Spain,September,381.437,0.0,4.75,70.0
Comunidad Foral de Navarra,Pamplona,2022,Spain,October,344.831,0.0,4.8,59.8
Comunidad Foral de Navarra,Pamplona,2022,Spain,November,192.738,0.0,3.25,50.25
Comunidad Foral de Navarra,Pamplona,2022,Spain,December,164.088,0.0,2.0,42.75
Comunidad Foral de Navarra,Pamplona,2023,Spain,January,128.409,0.6,2.4,52.6
Comunidad Foral de Navarra,Pamplona,2023,Spain,February,151.781,0.0,5.5,55.5
Comunidad Foral de Navarra,Pamplona,2023,Spain,March,222.013,0.0,5.5,64.75
Comunidad Foral de Navarra,Pamplona,2023,Spain,April,405.920,0.0,5.8,69.0
Comunidad Foral de Navarra,Pamplona,2023,Spain,May,365.702,0.75,5.25,66.5
Comunidad Foral de Navarra,Pamplona,2023,Spain,June,376.011,1.5,5.75,64.25
Comunidad Foral de Navarra,Pamplona,2023,Spain,July,537.590,1.6,5.2,73.2
Comunidad Foral de Navarra,Pamplona,2023,Spain,August,659.684,0.75,3.25,70.25
Comunidad Foral de Navarra,Pamplona,2023,Spain,September,413.421,0.0,4.0,62.5
Comunidad Foral de Navarra,Pamplona,2023,Spain,October,366.772,0.6,3.8,56.6
Comunidad Foral de Navarra,Pamplona,2023,Spain,November,205.033,0.75,3.75,50.5
Comunidad Foral de Navarra,Pamplona,2023,Spain,December,199.989,0.6,2.0,45.6
Comunidad Foral de Navarra,Pamplona,2024,Spain,January,140.622,0.75,5.25,54.5
Comunidad Foral de Navarra,Pamplona,2024,Spain,February,158.008,1.0,3.0,57.25
Comunidad Foral de Navarra,Pamplona,2024,Spain,March,270.735,0.6,2.8,61.2
Comunidad Foral de Navarra,Pamplona,2024,Spain,April,313.234,1.5,3.5,65.0
Comunidad Foral de Navarra,Pamplona,2024,Spain,May,384.211,0.0,3.0,65.25
Comunidad Foral de Navarra,Pamplona,2024,Spain,June,357.474,1.2,5.8,70.6
Comunidad Foral de Navarra,Pamplona,2024,Spain,July,537.503,0.0,6.5,78.0
Comunidad Foral de Navarra,Pamplona,2024,Spain,August,697.408,0.0,2.5,74.5
Comunidad Foral de Navarra,Pamplona,2024,Spain,September,410.729,0.0,2.0,64.8
Comunidad Foral de Navarra,Pamplona,2024,Spain,October,356.099,0.0,3.0,54.0
Comunidad Foral de Navarra,Pamplona,2024,Spain,November,240.407,0.0,4.0,46.25
Comunidad Foral de Navarra,Pamplona,2024,Spain,December,216.200,0.0,1.0,44.2
La Rioja,Logroño,2020,Spain,January,10.310,0.0,1.25,41.75
La Rioja,Logroño,2020,Spain,February,11.239,0.0,3.0,31.5
La Rioja,Logroño,2020,Spain,March,20.544,0.0,0.6,9.8
La Rioja,Logroño,2020,Spain,April,23.099,0.0,0.0,3.75
La Rioja,Logroño,2020,Spain,May,52.052,0.0,0.0,5.0
La Rioja,Logroño,2020,Spain,June,89.842,0.0,1.25,13.0
La Rioja,Logroño,2020,Spain,July,208.917,0.0,1.0,16.25
La Rioja,Logroño,2020,Spain,August,306.808,0.0,1.4,16.0
La Rioja,Logroño,2020,Spain,September,143.480,0.0,0.5,13.25
La Rioja,Logroño,2020,Spain,October,143.594,0.0,0.0,10.0
La Rioja,Logroño,2020,Spain,November,87.490,0.0,0.0,6.2
La Rioja,Logroño,2020,Spain,December,74.552,0.0,0.0,6.0
La Rioja,Logroño,2021,Spain,January,10.310,0.0,0.0,5.8
La Rioja,Logroño,2021,Spain,February,11.239,0.0,0.0,6.0
La Rioja,Logroño,2021,Spain,March,20.544,0.0,0.0,6.75
La Rioja,Logroño,2021,Spain,April,23.099,0.0,0.0,8.25
La Rioja,Logroño,2021,Spain,May,52.052,0.0,0.6,16.0
La Rioja,Logroño,2021,Spain,June,89.842,0.0,1.0,19.5
La Rioja,Logroño,2021,Spain,July,208.917,0.0,0.75,22.5
La Rioja,Logroño,2021,Spain,August,306.808,0.0,0.8,28.4
La Rioja,Logroño,2021,Spain,September,143.480,0.0,1.25,25.75
La Rioja,Logroño,2021,Spain,October,143.594,0.0,0.6,24.0
La Rioja,Logroño,2021,Spain,November,87.490,0.0,1.5,18.5
La Rioja,Logroño,2021,Spain,December,74.552,0.0,0.0,11.25
La Rioja,Logroño,2022,Spain,January,40.599,0.0,0.6,17.0
La Rioja,Logroño,2022,Spain,February,62.046,0.0,2.25,23.25
La Rioja,Logroño,2022,Spain,March,75.648,0.0,1.5,23.25
La Rioja,Logroño,2022,Spain,April,142.334,0.0,2.25,24.75
La Rioja,Logroño,2022,Spain,May,126.877,0.0,1.8,22.4
La Rioja,Logroño,2022,Spain,June,147.709,0.0,0.75,24.25
La Rioja,Logroño,2022,Spain,July,229.040,0.0,1.2,27.2
La Rioja,Logroño,2022,Spain,August,286.573,0.0,0.5,29.25
La Rioja,Logroño,2022,Spain,September,157.766,0.0,0.0,26.25
La Rioja,Logroño,2022,Spain,October,138.827,0.0,2.0,23.2
La Rioja,Logroño,2022,Spain,November,88.399,0.0,0.0,20.75
La Rioja,Logroño,2022,Spain,December,84.331,0.0,0.5,16.75
La Rioja,Logroño,2023,Spain,January,51.303,0.0,1.0,19.6
La Rioja,Logroño,2023,Spain,February,76.302,0.0,1.25,25.0
La Rioja,Logroño,2023,Spain,March,94.365,0.0,2.0,22.25
La Rioja,Logroño,2023,Spain,April,162.312,0.0,2.4,23.0
La Rioja,Logroño,2023,Spain,May,142.523,0.0,0.0,22.25
La Rioja,Logroño,2023,Spain,June,155.338,0.0,2.0,21.75
La Rioja,Logroño,2023,Spain,July,232.787,0.0,1.4,25.2
La Rioja,Logroño,2023,Spain,August,289.860,0.0,1.5,25.25
La Rioja,Logroño,2023,Spain,September,167.280,0.0,2.0,25.5
La Rioja,Logroño,2023,Spain,October,148.574,0.0,0.8,21.8
La Rioja,Logroño,2023,Spain,November,99.569,0.0,1.75,18.75
La Rioja,Logroño,2023,Spain,December,95.947,0.0,0.0,17.0
La Rioja,Logroño,2024,Spain,January,53.303,0.0,0.0,21.25
La Rioja,Logroño,2024,Spain,February,70.968,0.0,1.75,22.0
La Rioja,Logroño,2024,Spain,March,129.913,0.0,0.6,23.8
La Rioja,Logroño,2024,Spain,April,124.435,0.0,0.0,24.25
La Rioja,Logroño,2024,Spain,May,149.707,0.0,0.5,24.5
La Rioja,Logroño,2024,Spain,June,150.175,0.0,1.0,23.8
La Rioja,Logroño,2024,Spain,July,221.659,0.0,2.0,23.75
La Rioja,Logroño,2024,Spain,August,283.799,0.0,1.25,26.25
La Rioja,Logroño,2024,Spain,September,158.905,0.0,1.8,26.4
La Rioja,Logroño,2024,Spain,October,136.641,0.0,0.0,21.25
La Rioja,Logroño,2024,Spain,November,107.789,0.0,0.0,16.0
La Rioja,Logroño,2024,Spain,December,88.571,0.0,0.0,15.0
Aragón,Zaragoza,2020,Spain,January,91.566,0.5,3.75,78.75
Aragón,Zaragoza,2020,Spain,February,109.409,0.0,5.5,86.0
Aragón,Zaragoza,2020,Spain,March,173.459,0.4,1.6,43.6
Aragón,Zaragoza,2020,Spain,April,216.909,0.0,0.0,19.75
Aragón,Zaragoza,2020,Spain,May,268.381,0.0,1.2,24.0
Aragón,Zaragoza,2020,Spain,June,478.811,0.0,3.25,46.75
Aragón,Zaragoza,2020,Spain,July,1.045.139,0.0,2.75,50.25
Aragón,Zaragoza,2020,Spain,August,1.541.993,0.0,2.4,44.8
Aragón,Zaragoza,2020,Spain,September,702.565,0.0,2.25,44.25
Aragón,Zaragoza,2020,Spain,October,687.931,0.0,1.75,38.5
Aragón,Zaragoza,2020,Spain,November,380.074,0.0,0.4,27.6
Aragón,Zaragoza,2020,Spain,December,501.440,0.0,2.0,29.5
Aragón,Zaragoza,2021,Spain,January,91.566,0.0,0.4,27.4
Aragón,Zaragoza,2021,Spain,February,109.409,0.0,1.25,35.25
Aragón,Zaragoza,2021,Spain,March,173.459,0.0,0.75,32.75
Aragón,Zaragoza,2021,Spain,April,216.909,0.0,1.75,35.0
Aragón,Zaragoza,2021,Spain,May,268.381,0.0,3.0,51.0
Aragón,Zaragoza,2021,Spain,June,478.811,0.0,3.25,55.75
Aragón,Zaragoza,2021,Spain,July,1.045.139,0.0,3.25,61.0
Aragón,Zaragoza,2021,Spain,August,1.541.993,0.0,3.2,68.2
Aragón,Zaragoza,2021,Spain,September,702.565,0.5,3.0,67.75
Aragón,Zaragoza,2021,Spain,October,687.931,0.0,3.0,65.8
Aragón,Zaragoza,2021,Spain,November,380.074,0.0,2.5,57.5
Aragón,Zaragoza,2021,Spain,December,501.440,0.0,1.25,41.0
Aragón,Zaragoza,2022,Spain,January,439.493,0.0,3.2,47.2
Aragón,Zaragoza,2022,Spain,February,504.792,0.25,4.5,65.5
Aragón,Zaragoza,2022,Spain,March,514.572,0.75,5.25,68.25
Aragón,Zaragoza,2022,Spain,April,720.986,1.5,5.25,74.25
Aragón,Zaragoza,2022,Spain,May,574.065,0.2,4.2,71.2
Aragón,Zaragoza,2022,Spain,June,696.502,0.25,5.0,70.0
Aragón,Zaragoza,2022,Spain,July,1.115.416,1.2,4.6,66.0
Aragón,Zaragoza,2022,Spain,August,1.474.193,0.25,4.5,68.5
Aragón,Zaragoza,2022,Spain,September,739.459,0.5,4.5,72.5
Aragón,Zaragoza,2022,Spain,October,681.511,0.0,4.0,69.6
Aragón,Zaragoza,2022,Spain,November,392.778,0.5,3.75,55.25
Aragón,Zaragoza,2022,Spain,December,528.344,0.75,3.0,50.0
Aragón,Zaragoza,2023,Spain,January,448.461,1.2,4.0,54.8
Aragón,Zaragoza,2023,Spain,February,552.227,0.0,4.75,60.75
Aragón,Zaragoza,2023,Spain,March,578.485,1.25,5.5,65.5
Aragón,Zaragoza,2023,Spain,April,772.889,0.4,4.6,65.6
Aragón,Zaragoza,2023,Spain,May,578.022,0.75,4.0,60.5
Aragón,Zaragoza,2023,Spain,June,673.918,0.75,4.75,60.0
Aragón,Zaragoza,2023,Spain,July,1.101.717,0.8,4.2,65.2
Aragón,Zaragoza,2023,Spain,August,1.463.213,0.5,3.25,59.25
Aragón,Zaragoza,2023,Spain,September,731.109,0.25,4.25,68.5
Aragón,Zaragoza,2023,Spain,October,681.119,0.4,4.2,63.0
Aragón,Zaragoza,2023,Spain,November,445.198,0.0,3.5,58.5
Aragón,Zaragoza,2023,Spain,December,540.601,1.2,2.8,49.0
Aragón,Zaragoza,2024,Spain,January,453.009,0.5,4.25,57.0
Aragón,Zaragoza,2024,Spain,February,531.498,1.0,4.25,63.75
Aragón,Zaragoza,2024,Spain,March,709.796,0.0,4.6,65.4
Aragón,Zaragoza,2024,Spain,April,572.552,0.75,4.0,61.75
Aragón,Zaragoza,2024,Spain,May,675.906,0.75,4.25,64.75
Aragón,Zaragoza,2024,Spain,June,730.355,0.4,3.8,64.8
Aragón,Zaragoza,2024,Spain,July,1.075.571,1.0,4.0,57.75
Aragón,Zaragoza,2024,Spain,August,1.509.643,0.0,3.75,59.75
Aragón,Zaragoza,2024,Spain,September,733.469,0.8,3.8,63.8
Aragón,Zaragoza,2024,Spain,October,652.518,0.0,3.75,57.25
Aragón,Zaragoza,2024,Spain,November,493.829,1.0,3.0,51.25
Aragón,Zaragoza,2024,Spain,December,526.244,0.0,2.4,43.2
Comunidad de Madrid,Madrid,2020,Spain,January,525.122,11.0,8.25,92.25
Comunidad de Madrid,Madrid,2020,Spain,February,574.052,12.75,8.0,88.75
Comunidad de Madrid,Madrid,2020,Spain,March,760.111,6.2,2.6,38.4
Comunidad de Madrid,Madrid,2020,Spain,April,741.872,2.0,1.25,16.75
Comunidad de Madrid,Madrid,2020,Spain,May,1.014.089,2.0,2.4,21.4
Comunidad de Madrid,Madrid,2020,Spain,June,1.169.854,3.0,3.75,31.75
Comunidad de Madrid,Madrid,2020,Spain,July,1.434.903,3.25,3.75,37.0
Comunidad de Madrid,Madrid,2020,Spain,August,1.530.109,3.0,3.0,33.8
Comunidad de Madrid,Madrid,2020,Spain,September,1.747.149,3.0,2.5,30.25
Comunidad de Madrid,Madrid,2020,Spain,October,2.173.125,2.25,2.0,27.0
Comunidad de Madrid,Madrid,2020,Spain,November,1.929.032,2.2,2.0,26.2
Comunidad de Madrid,Madrid,2020,Spain,December,1.883.999,3.0,2.25,28.5
Comunidad de Madrid,Madrid,2021,Spain,January,525.122,3.2,2.2,29.2
Comunidad de Madrid,Madrid,2021,Spain,February,574.052,3.0,3.0,32.0
Comunidad de Madrid,Madrid,2021,Spain,March,760.111,3.0,3.0,32.75
Comunidad de Madrid,Madrid,2021,Spain,April,741.872,3.25,3.25,36.75
Comunidad de Madrid,Madrid,2021,Spain,May,1.014.089,3.8,4.6,48.4
Comunidad de Madrid,Madrid,2021,Spain,June,1.169.854,4.5,4.5,50.5
Comunidad de Madrid,Madrid,2021,Spain,July,1.434.903,5.25,4.25,49.75
Comunidad de Madrid,Madrid,2021,Spain,August,1.530.109,5.6,4.0,56.0
Comunidad de Madrid,Madrid,2021,Spain,September,1.747.149,6.0,5.0,67.0
Comunidad de Madrid,Madrid,2021,Spain,October,2.173.125,6.6,5.8,74.4
Comunidad de Madrid,Madrid,2021,Spain,November,1.929.032,6.25,5.5,69.25
Comunidad de Madrid,Madrid,2021,Spain,December,1.883.999,5.75,4.0,48.25
Comunidad de Madrid,Madrid,2022,Spain,January,1.431.148,7.4,6.6,59.0
Comunidad de Madrid,Madrid,2022,Spain,February,1.700.696,9.0,8.5,81.0
Comunidad de Madrid,Madrid,2022,Spain,March,2.020.055,9.75,8.75,76.5
Comunidad de Madrid,Madrid,2022,Spain,April,2.411.705,11.5,8.75,81.5
Comunidad de Madrid,Madrid,2022,Spain,May,2.424.897,13.0,9.0,85.0
Comunidad de Madrid,Madrid,2022,Spain,June,2.470.305,13.0,7.25,75.5
Comunidad de Madrid,Madrid,2022,Spain,July,2.420.153,11.8,6.6,70.6
Comunidad de Madrid,Madrid,2022,Spain,August,2.194.440,10.75,6.5,70.5
Comunidad de Madrid,Madrid,2022,Spain,September,2.456.581,10.75,7.5,76.75
Comunidad de Madrid,Madrid,2022,Spain,October,2.654.819,10.2,7.6,78.8
Comunidad de Madrid,Madrid,2022,Spain,November,2.260.860,9.0,6.75,72.0
Comunidad de Madrid,Madrid,2022,Spain,December,2.258.260,10.0,6.0,62.25
Comunidad de Madrid,Madrid,2023,Spain,January,2.033.993,12.2,9.0,76.6
Comunidad de Madrid,Madrid,2023,Spain,February,1.997.711,12.5,8.75,76.75
Comunidad de Madrid,Madrid,2023,Spain,March,2.389.164,13.0,8.75,79.5
Comunidad de Madrid,Madrid,2023,Spain,April,2.675.557,12.8,8.4,76.2
Comunidad de Madrid,Madrid,2023,Spain,May,2.633.007,12.75,7.0,70.75
Comunidad de Madrid,Madrid,2023,Spain,June,2.701.514,13.0,7.5,70.25
Comunidad de Madrid,Madrid,2023,Spain,July,2.728.412,13.4,6.8,69.2
Comunidad de Madrid,Madrid,2023,Spain,August,2.537.193,12.25,5.75,66.0
Comunidad de Madrid,Madrid,2023,Spain,September,2.732.897,13.0,7.25,75.0
Comunidad de Madrid,Madrid,2023,Spain,October,2.794.728,12.2,7.4,73.8
Comunidad de Madrid,Madrid,2023,Spain,November,2.492.478,11.25,6.75,72.75
Comunidad de Madrid,Madrid,2023,Spain,December,2.521.354,11.4,6.2,63.4
Comunidad de Madrid,Madrid,2024,Spain,January,2.159.024,14.5,8.5,76.25
Comunidad de Madrid,Madrid,2024,Spain,February,2.286.921,14.75,7.75,76.25
Comunidad de Madrid,Madrid,2024,Spain,March,2.713.462,15.2,7.4,73.4
Comunidad de Madrid,Madrid,2024,Spain,April,2.757.670,16.0,8.25,83.0
Comunidad de Madrid,Madrid,2024,Spain,May,2.951.609,16.0,7.5,80.75
Comunidad de Madrid,Madrid,2024,Spain,June,2.840.465,15.8,6.8,70.2
Comunidad de Madrid,Madrid,2024,Spain,July,2.879.688,15.25,6.5,69.25
Comunidad de Madrid,Madrid,2024,Spain,August,2.604.789,14.75,6.5,69.5
Comunidad de Madrid,Madrid,2024,Spain,September,2.820.870,14.8,7.4,77.8
Comunidad de Madrid,Madrid,2024,Spain,October,2.999.914,15.0,7.0,72.75
Comunidad de Madrid,Madrid,2024,Spain,November,2.707.850,13.0,6.5,65.75
Comunidad de Madrid,Madrid,2024,Spain,December,2.598.736,14.0,6.0,55.0
Castilla y León,Salamanca,2020,Spain,January,127.185,0.0,7.0,86.5
Castilla y León,Salamanca,2020,Spain,February,145.315,0.5,6.5,91.25
Castilla y León,Salamanca,2020,Spain,March,221.467,0.0,1.6,43.6
Castilla y León,Salamanca,2020,Spain,April,258.913,0.0,0.0,24.75
Castilla y León,Salamanca,2020,Spain,May,409.204,0.0,0.4,28.0
Castilla y León,Salamanca,2020,Spain,June,664.530,0.0,3.25,50.5
Castilla y León,Salamanca,2020,Spain,July,1.191.381,0.0,3.75,68.75
Castilla y León,Salamanca,2020,Spain,August,1.771.196,0.0,3.4,65.0
Castilla y León,Salamanca,2020,Spain,September,1.010.552,0.0,2.5,48.5
Castilla y León,Salamanca,2020,Spain,October,1.051.597,0.0,1.0,42.5
Castilla y León,Salamanca,2020,Spain,November,656.249,0.0,0.0,29.4
Castilla y León,Salamanca,2020,Spain,December,618.873,0.0,1.0,33.75
Castilla y León,Salamanca,2021,Spain,January,127.185,0.0,0.6,27.8
Castilla y León,Salamanca,2021,Spain,February,145.315,0.0,1.75,30.5
Castilla y León,Salamanca,2021,Spain,March,221.467,0.0,2.25,36.25
Castilla y León,Salamanca,2021,Spain,April,258.913,0.0,1.75,38.75
Castilla y León,Salamanca,2021,Spain,May,409.204,0.0,3.8,53.8
Castilla y León,Salamanca,2021,Spain,June,664.530,0.0,3.25,67.0
Castilla y León,Salamanca,2021,Spain,July,1.191.381,0.0,3.25,80.25
Castilla y León,Salamanca,2021,Spain,August,1.771.196,0.0,4.6,92.2
Castilla y León,Salamanca,2021,Spain,September,1.010.552,0.0,4.0,79.75
Castilla y León,Salamanca,2021,Spain,October,1.051.597,0.0,4.4,73.4
Castilla y León,Salamanca,2021,Spain,November,656.249,0.0,3.25,63.0
Castilla y León,Salamanca,2021,Spain,December,618.873,0.0,1.75,41.5
Castilla y León,Salamanca,2022,Spain,January,422.283,0.0,4.6,52.2
Castilla y León,Salamanca,2022,Spain,February,580.446,0.0,7.0,73.5
Castilla y León,Salamanca,2022,Spain,March,679.681,0.0,6.5,66.75
Castilla y León,Salamanca,2022,Spain,April,1.050.272,0.5,5.5,75.0
Castilla y León,Salamanca,2022,Spain,May,1.001.668,0.0,4.6,70.6
Castilla y León,Salamanca,2022,Spain,June,1.113.564,0.0,5.0,72.0
Castilla y León,Salamanca,2022,Spain,July,1.442.757,0.0,4.8,76.8
Castilla y León,Salamanca,2022,Spain,August,1.834.875,0.0,5.25,83.5
Castilla y León,Salamanca,2022,Spain,September,1.165.447,0.0,4.5,72.5
Castilla y León,Salamanca,2022,Spain,October,1.076.756,0.8,5.0,65.2
Castilla y León,Salamanca,2022,Spain,November,734.051,0.0,4.5,55.25
Castilla y León,Salamanca,2022,Spain,December,734.023,0.0,3.5,47.5
Castilla y León,Salamanca,2023,Spain,January,525.326,0.0,4.2,58.2
Castilla y León,Salamanca,2023,Spain,February,634.680,0.0,5.25,63.0
Castilla y León,Salamanca,2023,Spain,March,833.317,0.0,5.25,65.75
Castilla y León,Salamanca,2023,Spain,April,1.243.895,0.0,5.2,65.0
Castilla y León,Salamanca,2023,Spain,May,1.068.879,0.5,4.25,58.5
Castilla y León,Salamanca,2023,Spain,June,1.164.115,0.0,4.0,60.0
Castilla y León,Salamanca,2023,Spain,July,1.486.488,0.0,5.2,69.0
Castilla y León,Salamanca,2023,Spain,August,1.860.809,0.75,5.0,74.75
Castilla y León,Salamanca,2023,Spain,September,1.264.927,0.0,4.75,69.75
Castilla y León,Salamanca,2023,Spain,October,1.133.204,0.0,4.2,60.0
Castilla y León,Salamanca,2023,Spain,November,836.178,0.0,3.5,53.75
Castilla y León,Salamanca,2023,Spain,December,874.940,0.0,3.4,51.2
Castilla y León,Salamanca,2024,Spain,January,544.855,1.5,4.5,61.75
Castilla y León,Salamanca,2024,Spain,February,649.384,0.0,4.5,62.25
Castilla y León,Salamanca,2024,Spain,March,990.899,0.0,4.8,64.4
Castilla y León,Salamanca,2024,Spain,April,975.322,0.5,3.75,62.0
Castilla y León,Salamanca,2024,Spain,May,1.182.572,0.0,2.5,61.0
Castilla y León,Salamanca,2024,Spain,June,1.192.034,0.4,5.2,62.8
Castilla y León,Salamanca,2024,Spain,July,1.549.861,0.0,4.25,70.5
Castilla y León,Salamanca,2024,Spain,August,1.826.324,0.75,4.0,76.75
Castilla y León,Salamanca,2024,Spain,September,1.262.939,0.0,4.6,68.0
Castilla y León,Salamanca,2024,Spain,October,1.146.848,0.0,4.0,57.75
Castilla y León,Salamanca,2024,Spain,November,911.947,0.0,4.0,48.25
Castilla y León,Salamanca,2024,Spain,December,830.912,0.0,3.4,44.8
Castilla-La Mancha,Toledo,2020,Spain,January,83.617,4.75,4.75,89.5
Castilla-La Mancha,Toledo,2020,Spain,February,102.966,3.5,6.0,94.25
Castilla-La Mancha,Toledo,2020,Spain,March,161.690,2.4,1.8,38.2
Castilla-La Mancha,Toledo,2020,Spain,April,184.092,2.0,0.0,20.25
Castilla-La Mancha,Toledo,2020,Spain,May,253.529,1.6,2.8,26.4
Castilla-La Mancha,Toledo,2020,Spain,June,353.765,1.75,4.0,44.75
Castilla-La Mancha,Toledo,2020,Spain,July,540.376,2.0,4.5,60.0
Castilla-La Mancha,Toledo,2020,Spain,August,693.100,2.0,4.0,58.8
Castilla-La Mancha,Toledo,2020,Spain,September,433.641,1.75,3.25,49.25
Castilla-La Mancha,Toledo,2020,Spain,October,500.011,2.0,3.0,44.0
Castilla-La Mancha,Toledo,2020,Spain,November,348.597,1.2,2.0,30.0
Castilla-La Mancha,Toledo,2020,Spain,December,352.040,1.25,0.75,34.75
Castilla-La Mancha,Toledo,2021,Spain,January,83.617,2.6,2.6,36.2
Castilla-La Mancha,Toledo,2021,Spain,February,102.966,2.75,2.75,45.75
Castilla-La Mancha,Toledo,2021,Spain,March,161.690,2.75,3.0,39.75
Castilla-La Mancha,Toledo,2021,Spain,April,184.092,3.75,3.5,41.25
Castilla-La Mancha,Toledo,2021,Spain,May,253.529,3.0,4.6,56.4
Castilla-La Mancha,Toledo,2021,Spain,June,353.765,3.75,5.25,71.0
Castilla-La Mancha,Toledo,2021,Spain,July,540.376,4.0,4.75,71.25
Castilla-La Mancha,Toledo,2021,Spain,August,693.100,2.8,5.0,79.4
Castilla-La Mancha,Toledo,2021,Spain,September,433.641,3.25,4.5,79.0
Castilla-La Mancha,Toledo,2021,Spain,October,500.011,2.8,4.2,76.8
Castilla-La Mancha,Toledo,2021,Spain,November,348.597,3.0,4.25,68.25
Castilla-La Mancha,Toledo,2021,Spain,December,352.040,3.25,3.75,52.0
Castilla-La Mancha,Toledo,2022,Spain,January,233.079,2.8,4.8,64.2
Castilla-La Mancha,Toledo,2022,Spain,February,303.239,4.5,6.75,79.75
Castilla-La Mancha,Toledo,2022,Spain,March,344.826,3.75,6.0,75.75
Castilla-La Mancha,Toledo,2022,Spain,April,527.584,5.5,6.75,86.0
Castilla-La Mancha,Toledo,2022,Spain,May,481.859,4.6,5.6,76.8
Castilla-La Mancha,Toledo,2022,Spain,June,498.817,4.5,5.0,76.75
Castilla-La Mancha,Toledo,2022,Spain,July,644.891,3.8,5.2,72.6
Castilla-La Mancha,Toledo,2022,Spain,August,739.674,3.75,5.5,81.25
Castilla-La Mancha,Toledo,2022,Spain,September,531.144,3.75,6.0,77.75
Castilla-La Mancha,Toledo,2022,Spain,October,536.818,3.8,5.0,77.0
Castilla-La Mancha,Toledo,2022,Spain,November,399.308,3.0,5.5,60.5
Castilla-La Mancha,Toledo,2022,Spain,December,384.018,3.75,4.0,56.0
Castilla-La Mancha,Toledo,2023,Spain,January,293.562,3.6,5.6,70.2
Castilla-La Mancha,Toledo,2023,Spain,February,325.436,4.0,5.75,73.25
Castilla-La Mancha,Toledo,2023,Spain,March,411.270,4.25,6.75,72.0
Castilla-La Mancha,Toledo,2023,Spain,April,596.815,3.8,6.2,74.6
Castilla-La Mancha,Toledo,2023,Spain,May,494.029,4.0,5.25,67.5
Castilla-La Mancha,Toledo,2023,Spain,June,516.552,4.0,5.75,70.75
Castilla-La Mancha,Toledo,2023,Spain,July,630.448,3.8,5.6,67.8
Castilla-La Mancha,Toledo,2023,Spain,August,745.066,3.0,4.75,70.5
Castilla-La Mancha,Toledo,2023,Spain,September,514.784,3.25,5.25,78.75
Castilla-La Mancha,Toledo,2023,Spain,October,531.620,3.2,4.4,66.0
Castilla-La Mancha,Toledo,2023,Spain,November,401.418,3.25,4.75,59.0
Castilla-La Mancha,Toledo,2023,Spain,December,413.181,3.8,4.4,57.4
Castilla-La Mancha,Toledo,2024,Spain,January,273.188,4.0,5.25,66.75
Castilla-La Mancha,Toledo,2024,Spain,February,335.178,3.75,4.25,72.5
Castilla-La Mancha,Toledo,2024,Spain,March,472.721,4.2,6.2,72.2
Castilla-La Mancha,Toledo,2024,Spain,April,484.587,4.0,6.5,71.75
Castilla-La Mancha,Toledo,2024,Spain,May,552.421,3.75,5.75,74.25
Castilla-La Mancha,Toledo,2024,Spain,June,536.226,4.0,5.2,66.8
Castilla-La Mancha,Toledo,2024,Spain,July,640.056,3.25,5.0,67.25
Castilla-La Mancha,Toledo,2024,Spain,August,706.084,3.5,5.0,73.75
Castilla-La Mancha,Toledo,2024,Spain,September,510.930,4.0,6.0,81.4
Castilla-La Mancha,Toledo,2024,Spain,October,584.907,3.5,5.5,65.0
Castilla-La Mancha,Toledo,2024,Spain,November,450.653,3.25,4.5,55.25
Castilla-La Mancha,Toledo,2024,Spain,December,409.764,4.4,4.6,57.2
Extremadura,Cáceres,2020,Spain,January,40.274,0.0,0.0,51.0
Extremadura,Cáceres,2020,Spain,February,57.120,0.0,0.0,49.75
Extremadura,Cáceres,2020,Spain,March,116.312,0.0,0.0,16.2
Extremadura,Cáceres,2020,Spain,April,98.364,0.0,0.0,0.0
Extremadura,Cáceres,2020,Spain,May,163.769,0.0,0.0,5.8
Extremadura,Cáceres,2020,Spain,June,229.213,0.0,0.0,33.0
Extremadura,Cáceres,2020,Spain,July,342.529,0.0,0.0,40.0
Extremadura,Cáceres,2020,Spain,August,475.148,0.0,0.0,44.0
Extremadura,Cáceres,2020,Spain,September,313.433,0.0,0.0,27.75
Extremadura,Cáceres,2020,Spain,October,329.286,0.0,0.0,25.75
Extremadura,Cáceres,2020,Spain,November,229.064,0.0,0.0,15.8
Extremadura,Cáceres,2020,Spain,December,216.318,0.0,0.0,22.0
Extremadura,Cáceres,2021,Spain,January,40.274,0.0,0.0,0.0
Extremadura,Cáceres,2021,Spain,February,57.120,0.0,8.75,23.75
Extremadura,Cáceres,2021,Spain,March,116.312,0.0,0.0,12.75
Extremadura,Cáceres,2021,Spain,April,98.364,0.0,0.0,22.75
Extremadura,Cáceres,2021,Spain,May,163.769,0.0,0.0,26.8
Extremadura,Cáceres,2021,Spain,June,229.213,0.0,0.0,45.25
Extremadura,Cáceres,2021,Spain,July,342.529,0.0,0.0,42.75
Extremadura,Cáceres,2021,Spain,August,475.148,0.0,0.0,57.6
Extremadura,Cáceres,2021,Spain,September,313.433,0.0,0.0,61.25
Extremadura,Cáceres,2021,Spain,October,329.286,0.0,0.0,54.2
Extremadura,Cáceres,2021,Spain,November,229.064,0.0,0.0,39.25
Extremadura,Cáceres,2021,Spain,December,216.318,0.0,0.0,21.25
Extremadura,Cáceres,2022,Spain,January,139.254,0.0,0.0,48.4
Extremadura,Cáceres,2022,Spain,February,199.140,0.0,0.0,68.0
Extremadura,Cáceres,2022,Spain,March,242.442,0.0,0.0,53.25
Extremadura,Cáceres,2022,Spain,April,390.702,0.0,0.0,69.75
Extremadura,Cáceres,2022,Spain,May,324.457,0.0,0.0,60.8
Extremadura,Cáceres,2022,Spain,June,311.079,0.0,0.0,56.5
Extremadura,Cáceres,2022,Spain,July,386.524,0.0,0.0,76.8
Extremadura,Cáceres,2022,Spain,August,480.320,0.0,0.0,67.25
Extremadura,Cáceres,2022,Spain,September,337.720,0.0,0.0,70.5
Extremadura,Cáceres,2022,Spain,October,331.394,0.0,0.0,61.0
Extremadura,Cáceres,2022,Spain,November,238.548,0.0,0.0,51.0
Extremadura,Cáceres,2022,Spain,December,215.530,0.0,0.0,47.5
Extremadura,Cáceres,2023,Spain,January,171.798,0.0,0.0,51.6
Extremadura,Cáceres,2023,Spain,February,217.317,0.0,0.0,53.0
Extremadura,Cáceres,2023,Spain,March,288.004,0.0,0.0,61.75
Extremadura,Cáceres,2023,Spain,April,430.544,0.0,0.0,54.0
Extremadura,Cáceres,2023,Spain,May,330.146,0.0,0.0,47.5
Extremadura,Cáceres,2023,Spain,June,311.606,0.0,0.0,54.0
Extremadura,Cáceres,2023,Spain,July,381.404,0.0,0.0,56.8
Extremadura,Cáceres,2023,Spain,August,497.025,0.0,0.0,52.75
Extremadura,Cáceres,2023,Spain,September,335.660,0.0,0.0,61.5
Extremadura,Cáceres,2023,Spain,October,320.357,0.0,0.0,57.2
Extremadura,Cáceres,2023,Spain,November,250.048,0.0,0.0,53.5
Extremadura,Cáceres,2023,Spain,December,250.252,0.0,0.0,54.8
Extremadura,Cáceres,2024,Spain,January,174.715,0.0,0.0,60.0
Extremadura,Cáceres,2024,Spain,February,221.550,0.0,0.0,53.0
Extremadura,Cáceres,2024,Spain,March,339.059,0.0,0.0,50.8
Extremadura,Cáceres,2024,Spain,April,355.406,0.0,0.0,57.5
Extremadura,Cáceres,2024,Spain,May,379.965,0.0,0.0,58.75
Extremadura,Cáceres,2024,Spain,June,352.112,0.0,0.0,58.4
Extremadura,Cáceres,2024,Spain,July,420.076,0.0,0.0,55.0
Extremadura,Cáceres,2024,Spain,August,543.256,0.0,0.0,47.75
Extremadura,Cáceres,2024,Spain,September,384.647,0.0,0.0,59.2
Extremadura,Cáceres,2024,Spain,October,346.850,0.0,0.0,52.0
Extremadura,Cáceres,2024,Spain,November,295.538,0.0,0.0,40.75
Extremadura,Cáceres,2024,Spain,December,268.336,0.0,0.0,41.8
Cataluña,Barcelona,2020,Spain,January,521.274,15.5,8.75,93.0
Cataluña,Barcelona,2020,Spain,February,488.492,14.25,7.75,91.25
Cataluña,Barcelona,2020,Spain,March,942.057,7.2,2.6,40.0
Cataluña,Barcelona,2020,Spain,April,1.335.977,2.0,1.25,19.0
Cataluña,Barcelona,2020,Spain,May,2.120.924,3.0,1.8,22.6
Cataluña,Barcelona,2020,Spain,June,4.293.277,3.75,3.5,32.5
Cataluña,Barcelona,2020,Spain,July,8.082.297,4.5,3.25,37.75
Cataluña,Barcelona,2020,Spain,August,12.165.573,3.4,2.4,33.6
Cataluña,Barcelona,2020,Spain,September,5.910.773,3.0,1.75,29.75
Cataluña,Barcelona,2020,Spain,October,4.284.706,3.0,1.5,28.0
Cataluña,Barcelona,2020,Spain,November,2.267.532,2.4,1.2,23.0
Cataluña,Barcelona,2020,Spain,December,2.295.553,3.0,1.5,27.75
Cataluña,Barcelona,2021,Spain,January,521.274,2.8,1.4,24.6
Cataluña,Barcelona,2021,Spain,February,488.492,2.75,2.0,27.5
Cataluña,Barcelona,2021,Spain,March,942.057,3.0,2.25,29.25
Cataluña,Barcelona,2021,Spain,April,1.335.977,3.0,2.0,31.0
Cataluña,Barcelona,2021,Spain,May,2.120.924,4.0,4.2,39.4
Cataluña,Barcelona,2021,Spain,June,4.293.277,5.5,4.75,47.75
Cataluña,Barcelona,2021,Spain,July,8.082.297,6.5,4.25,50.5
Cataluña,Barcelona,2021,Spain,August,12.165.573,8.0,4.0,59.8
Cataluña,Barcelona,2021,Spain,September,5.910.773,7.0,4.0,53.25
Cataluña,Barcelona,2021,Spain,October,4.284.706,7.8,3.8,56.0
Cataluña,Barcelona,2021,Spain,November,2.267.532,6.75,3.25,44.25
Cataluña,Barcelona,2021,Spain,December,2.295.553,6.25,3.25,40.5
Cataluña,Barcelona,2022,Spain,January,1.787.563,8.4,6.2,50.2
Cataluña,Barcelona,2022,Spain,February,2.364.856,12.0,8.0,76.25
Cataluña,Barcelona,2022,Spain,March,3.026.950,13.0,9.75,78.25
Cataluña,Barcelona,2022,Spain,April,5.899.808,15.75,9.5,85.25
Cataluña,Barcelona,2022,Spain,May,6.841.800,17.0,9.8,85.8
Cataluña,Barcelona,2022,Spain,June,9.599.918,18.25,8.75,82.0
Cataluña,Barcelona,2022,Spain,July,13.852.216,17.4,8.6,80.8
Cataluña,Barcelona,2022,Spain,August,15.905.655,16.0,7.5,78.5
Cataluña,Barcelona,2022,Spain,September,8.761.566,15.25,6.75,71.0
Cataluña,Barcelona,2022,Spain,October,5.946.056,12.8,5.8,64.2
Cataluña,Barcelona,2022,Spain,November,2.930.376,10.75,5.0,54.0
Cataluña,Barcelona,2022,Spain,December,2.940.588,11.5,5.0,49.0
Cataluña,Barcelona,2023,Spain,January,2.585.207,15.8,8.8,72.4
Cataluña,Barcelona,2023,Spain,February,2.975.110,16.75,9.25,75.5
Cataluña,Barcelona,2023,Spain,March,3.794.531,17.5,9.0,75.75
Cataluña,Barcelona,2023,Spain,April,6.928.385,16.8,8.8,79.8
Cataluña,Barcelona,2023,Spain,May,7.714.723,17.75,8.0,74.5
Cataluña,Barcelona,2023,Spain,June,9.662.852,19.25,7.75,74.25
Cataluña,Barcelona,2023,Spain,July,13.708.493,19.2,7.2,79.4
Cataluña,Barcelona,2023,Spain,August,15.841.637,17.0,6.75,72.75
Cataluña,Barcelona,2023,Spain,September,9.550.911,18.25,6.0,78.25
Cataluña,Barcelona,2023,Spain,October,6.645.422,14.6,5.6,66.4
Cataluña,Barcelona,2023,Spain,November,3.156.399,13.0,5.0,55.25
Cataluña,Barcelona,2023,Spain,December,3.072.183,13.2,4.8,52.2
Cataluña,Barcelona,2024,Spain,January,2.698.646,17.5,8.0,72.0
Cataluña,Barcelona,2024,Spain,February,3.197.521,17.25,8.0,76.75
Cataluña,Barcelona,2024,Spain,March,4.985.168,18.2,8.0,78.0
Cataluña,Barcelona,2024,Spain,April,6.072.921,19.75,8.25,82.0
Cataluña,Barcelona,2024,Spain,May,8.741.493,19.75,7.25,77.0
Cataluña,Barcelona,2024,Spain,June,10.376.663,22.4,8.0,78.2
Cataluña,Barcelona,2024,Spain,July,14.047.728,21.25,7.5,75.25
Cataluña,Barcelona,2024,Spain,August,15.875.010,19.0,6.25,73.25
Cataluña,Barcelona,2024,Spain,September,9.767.782,18.2,6.0,69.0
Cataluña,Barcelona,2024,Spain,October,6.622.862,16.5,5.5,60.75
Cataluña,Barcelona,2024,Spain,November,3.277.645,15.5,4.75,51.25
Cataluña,Barcelona,2024,Spain,December,3.007.249,14.6,4.8,49.4
Comunitat Valenciana,Valencia,2020,Spain,January,630.009,5.75,9.25,89.0
Comunitat Valenciana,Valencia,2020,Spain,February,547.275,5.0,9.25,87.0
Comunitat Valenciana,Valencia,2020,Spain,March,770.401,2.6,3.2,59.8
Comunitat Valenciana,Valencia,2020,Spain,April,993.052,1.0,1.25,16.5
Comunitat Valenciana,Valencia,2020,Spain,May,1.407.127,1.0,2.8,22.8
Comunitat Valenciana,Valencia,2020,Spain,June,2.828.986,1.5,6.5,45.5
Comunitat Valenciana,Valencia,2020,Spain,July,5.500.071,1.75,7.0,59.5
Comunitat Valenciana,Valencia,2020,Spain,August,7.071.782,1.6,5.0,57.0
Comunitat Valenciana,Valencia,2020,Spain,September,4.034.042,1.25,3.0,42.0
Comunitat Valenciana,Valencia,2020,Spain,October,3.488.141,1.0,2.5,39.5
Comunitat Valenciana,Valencia,2020,Spain,November,2.191.692,1.0,1.8,30.0
Comunitat Valenciana,Valencia,2020,Spain,December,2.033.471,1.0,2.0,32.25
Comunitat Valenciana,Valencia,2021,Spain,January,630.009,1.0,2.0,28.2
Comunitat Valenciana,Valencia,2021,Spain,February,547.275,1.25,2.5,31.25
Comunitat Valenciana,Valencia,2021,Spain,March,770.401,1.25,3.5,38.25
Comunitat Valenciana,Valencia,2021,Spain,April,993.052,1.0,3.5,45.5
Comunitat Valenciana,Valencia,2021,Spain,May,1.407.127,1.8,6.6,65.8
Comunitat Valenciana,Valencia,2021,Spain,June,2.828.986,2.75,9.25,78.0
Comunitat Valenciana,Valencia,2021,Spain,July,5.500.071,2.75,8.25,82.25
Comunitat Valenciana,Valencia,2021,Spain,August,7.071.782,2.8,7.4,86.4
Comunitat Valenciana,Valencia,2021,Spain,September,4.034.042,3.25,5.25,72.5
Comunitat Valenciana,Valencia,2021,Spain,October,3.488.141,3.4,5.8,70.0
Comunitat Valenciana,Valencia,2021,Spain,November,2.191.692,2.5,4.25,58.0
Comunitat Valenciana,Valencia,2021,Spain,December,2.033.471,2.75,3.5,46.75
Comunitat Valenciana,Valencia,2022,Spain,January,1.713.216,3.6,8.0,64.4
Comunitat Valenciana,Valencia,2022,Spain,February,2.127.039,4.5,11.25,85.25
Comunitat Valenciana,Valencia,2022,Spain,March,2.746.665,4.75,10.25,77.5
Comunitat Valenciana,Valencia,2022,Spain,April,3.942.868,6.0,11.25,84.5
Comunitat Valenciana,Valencia,2022,Spain,May,4.081.125,6.6,11.8,86.8
Comunitat Valenciana,Valencia,2022,Spain,June,4.951.003,7.0,11.0,86.25
Comunitat Valenciana,Valencia,2022,Spain,July,6.996.815,6.0,10.6,89.4
Comunitat Valenciana,Valencia,2022,Spain,August,8.144.476,5.5,8.25,85.25
Comunitat Valenciana,Valencia,2022,Spain,September,5.012.681,5.5,8.0,76.0
Comunitat Valenciana,Valencia,2022,Spain,October,4.118.879,4.6,7.4,71.2
Comunitat Valenciana,Valencia,2022,Spain,November,2.873.301,4.0,6.0,61.25
Comunitat Valenciana,Valencia,2022,Spain,December,2.642.469,4.0,5.75,57.0
Comunitat Valenciana,Valencia,2023,Spain,January,2.415.459,6.2,10.2,74.8
Comunitat Valenciana,Valencia,2023,Spain,February,2.596.496,6.25,11.0,78.5
Comunitat Valenciana,Valencia,2023,Spain,March,3.313.386,6.75,11.25,78.5
Comunitat Valenciana,Valencia,2023,Spain,April,4.596.145,6.2,11.0,80.6
Comunitat Valenciana,Valencia,2023,Spain,May,4.286.316,6.0,10.0,75.25
Comunitat Valenciana,Valencia,2023,Spain,June,5.144.388,7.0,10.25,79.5
Comunitat Valenciana,Valencia,2023,Spain,July,6.922.267,6.6,10.8,86.6
Comunitat Valenciana,Valencia,2023,Spain,August,8.100.377,6.75,9.0,82.0
Comunitat Valenciana,Valencia,2023,Spain,September,4.910.345,7.0,8.0,76.0
Comunitat Valenciana,Valencia,2023,Spain,October,4.356.905,5.6,7.4,67.0
Comunitat Valenciana,Valencia,2023,Spain,November,3.009.630,4.75,6.25,62.0
Comunitat Valenciana,Valencia,2023,Spain,December,2.797.980,5.4,6.2,62.4
Comunitat Valenciana,Valencia,2024,Spain,January,2.616.013,7.0,10.0,77.0
Comunitat Valenciana,Valencia,2024,Spain,February,2.992.292,7.5,11.25,83.25
Comunitat Valenciana,Valencia,2024,Spain,March,3.996.700,7.4,10.6,83.0
Comunitat Valenciana,Valencia,2024,Spain,April,3.958.434,7.75,10.25,83.0
Comunitat Valenciana,Valencia,2024,Spain,May,4.539.571,7.25,9.75,80.25
Comunitat Valenciana,Valencia,2024,Spain,June,5.173.972,7.8,10.6,83.4
Comunitat Valenciana,Valencia,2024,Spain,July,6.868.169,8.75,9.5,86.75
Comunitat Valenciana,Valencia,2024,Spain,August,8.018.174,7.75,8.25,83.0
Comunitat Valenciana,Valencia,2024,Spain,September,5.248.131,7.6,7.2,76.0
Comunitat Valenciana,Valencia,2024,Spain,October,4.435.214,8.5,7.5,73.0
Comunitat Valenciana,Valencia,2024,Spain,November,3.036.957,5.75,4.5,56.0
Comunitat Valenciana,Valencia,2024,Spain,December,2.778.715,5.6,5.0,48.0
Illes Balears,Palma,2020,Spain,January,42.120,3.75,5.0,80.5
Illes Balears,Palma,2020,Spain,February,48.616,4.0,4.5,80.75
Illes Balears,Palma,2020,Spain,March,128.752,2.2,1.6,35.0
Illes Balears,Palma,2020,Spain,April,334.237,1.0,0.5,16.0
Illes Balears,Palma,2020,Spain,May,1.109.047,1.0,1.2,22.6
Illes Balears,Palma,2020,Spain,June,3.038.281,1.75,3.0,42.0
Illes Balears,Palma,2020,Spain,July,6.817.615,3.25,3.5,56.25
Illes Balears,Palma,2020,Spain,August,7.867.191,2.0,2.4,48.0
Illes Balears,Palma,2020,Spain,September,6.315.743,1.25,1.5,29.5
Illes Balears,Palma,2020,Spain,October,4.565.542,1.0,1.0,24.75
Illes Balears,Palma,2020,Spain,November,374.212,1.0,1.0,19.4
Illes Balears,Palma,2020,Spain,December,214.652,1.0,1.0,20.25
Illes Balears,Palma,2021,Spain,January,42.120,1.0,1.0,20.6
Illes Balears,Palma,2021,Spain,February,48.616,1.0,1.25,24.5
Illes Balears,Palma,2021,Spain,March,128.752,1.0,2.0,34.25
Illes Balears,Palma,2021,Spain,April,334.237,1.0,2.25,37.25
Illes Balears,Palma,2021,Spain,May,1.109.047,1.8,4.2,61.0
Illes Balears,Palma,2021,Spain,June,3.038.281,3.0,4.5,79.75
Illes Balears,Palma,2021,Spain,July,6.817.615,4.0,4.25,75.0
Illes Balears,Palma,2021,Spain,August,7.867.191,4.2,3.0,76.6
Illes Balears,Palma,2021,Spain,September,6.315.743,5.75,3.0,72.5
Illes Balears,Palma,2021,Spain,October,4.565.542,4.0,2.2,55.0
Illes Balears,Palma,2021,Spain,November,374.212,1.75,1.75,35.25
Illes Balears,Palma,2021,Spain,December,214.652,2.0,1.25,31.5
Illes Balears,Palma,2022,Spain,January,161.732,3.0,3.4,49.2
Illes Balears,Palma,2022,Spain,February,365.051,3.75,6.0,65.5
Illes Balears,Palma,2022,Spain,March,915.860,4.75,7.0,72.0
Illes Balears,Palma,2022,Spain,April,3.150.770,7.0,8.25,82.5
Illes Balears,Palma,2022,Spain,May,7.427.314,9.6,8.6,86.4
Illes Balears,Palma,2022,Spain,June,10.551.103,12.0,7.75,91.75
Illes Balears,Palma,2022,Spain,July,12.419.613,10.6,6.8,82.4
Illes Balears,Palma,2022,Spain,August,12.917.743,9.0,5.0,77.0
Illes Balears,Palma,2022,Spain,September,10.280.887,8.75,4.0,62.0
Illes Balears,Palma,2022,Spain,October,6.418.737,5.4,3.0,47.6
Illes Balears,Palma,2022,Spain,November,458.751,2.25,2.25,35.25
Illes Balears,Palma,2022,Spain,December,306.183,2.25,2.0,35.5
Illes Balears,Palma,2023,Spain,January,284.116,4.2,5.4,60.2
Illes Balears,Palma,2023,Spain,February,535.493,4.5,6.0,61.5
Illes Balears,Palma,2023,Spain,March,1.064.929,5.25,6.75,67.0
Illes Balears,Palma,2023,Spain,April,3.731.469,7.6,6.6,73.8
Illes Balears,Palma,2023,Spain,May,8.400.957,8.5,6.25,70.5
Illes Balears,Palma,2023,Spain,June,10.475.896,10.5,5.75,77.5
Illes Balears,Palma,2023,Spain,July,12.519.058,11.4,5.8,86.2
Illes Balears,Palma,2023,Spain,August,13.068.195,12.5,4.5,77.25
Illes Balears,Palma,2023,Spain,September,10.618.155,9.0,3.25,63.0
Illes Balears,Palma,2023,Spain,October,7.278.600,6.0,3.2,50.2
Illes Balears,Palma,2023,Spain,November,481.852,2.75,2.5,39.75
Illes Balears,Palma,2023,Spain,December,333.090,3.0,3.0,42.2
Illes Balears,Palma,2024,Spain,January,274.139,5.25,5.0,64.5
Illes Balears,Palma,2024,Spain,February,650.159,5.5,6.0,67.5
Illes Balears,Palma,2024,Spain,March,1.874.493,6.4,6.8,75.2
Illes Balears,Palma,2024,Spain,April,3.833.032,9.0,7.25,77.75
Illes Balears,Palma,2024,Spain,May,9.528.191,9.75,6.25,82.75
Illes Balears,Palma,2024,Spain,June,11.282.724,12.4,7.0,84.0
Illes Balears,Palma,2024,Spain,July,12.900.921,12.5,7.0,89.5
Illes Balears,Palma,2024,Spain,August,13.550.855,13.0,5.25,81.5
Illes Balears,Palma,2024,Spain,September,11.040.407,9.4,3.8,64.0
Illes Balears,Palma,2024,Spain,October,8.032.910,6.75,2.25,48.0
Illes Balears,Palma,2024,Spain,November,492.598,3.0,2.25,37.25
Illes Balears,Palma,2024,Spain,December,384.792,4.4,2.8,40.2
Andalucía,Sevilla,2020,Spain,January,601.775,1.5,7.0,85.75
Andalucía,Sevilla,2020,Spain,February,548.838,1.0,8.5,96.0
Andalucía,Sevilla,2020,Spain,March,774.422,0.6,3.8,48.6
Andalucía,Sevilla,2020,Spain,April,859.851,0.0,0.75,17.0
Andalucía,Sevilla,2020,Spain,May,1.848.192,0.0,2.2,21.4
Andalucía,Sevilla,2020,Spain,June,3.938.493,0.0,3.0,34.0
Andalucía,Sevilla,2020,Spain,July,7.427.734,0.25,3.0,42.25
Andalucía,Sevilla,2020,Spain,August,9.375.862,0.6,2.8,43.8
Andalucía,Sevilla,2020,Spain,September,6.179.832,0.5,2.5,41.75
Andalucía,Sevilla,2020,Spain,October,5.022.306,0.0,2.0,38.5
Andalucía,Sevilla,2020,Spain,November,3.019.489,0.2,0.8,23.0
Andalucía,Sevilla,2020,Spain,December,2.708.210,0.0,1.5,26.25
Andalucía,Sevilla,2021,Spain,January,601.775,0.2,1.2,25.2
Andalucía,Sevilla,2021,Spain,February,548.838,0.5,2.25,32.5
Andalucía,Sevilla,2021,Spain,March,774.422,0.0,2.25,33.25
Andalucía,Sevilla,2021,Spain,April,859.851,0.0,2.25,37.0
Andalucía,Sevilla,2021,Spain,May,1.848.192,0.8,3.4,50.6
Andalucía,Sevilla,2021,Spain,June,3.938.493,0.75,3.75,58.5
Andalucía,Sevilla,2021,Spain,July,7.427.734,0.25,3.0,56.75
Andalucía,Sevilla,2021,Spain,August,9.375.862,0.8,3.4,63.6
Andalucía,Sevilla,2021,Spain,September,6.179.832,0.5,3.75,72.75
Andalucía,Sevilla,2021,Spain,October,5.022.306,1.0,4.4,73.4
Andalucía,Sevilla,2021,Spain,November,3.019.489,1.0,4.0,64.25
Andalucía,Sevilla,2021,Spain,December,2.708.210,1.0,2.5,43.5
Andalucía,Sevilla,2022,Spain,January,2.221.757,1.2,5.4,61.8
Andalucía,Sevilla,2022,Spain,February,3.084.845,2.0,8.25,86.5
Andalucía,Sevilla,2022,Spain,March,3.774.069,1.25,7.25,75.5
Andalucía,Sevilla,2022,Spain,April,5.754.912,2.0,7.0,83.75
Andalucía,Sevilla,2022,Spain,May,6.289.718,1.8,5.8,74.0
Andalucía,Sevilla,2022,Spain,June,7.113.865,1.75,5.0,68.25
Andalucía,Sevilla,2022,Spain,July,9.085.188,1.6,4.4,62.6
Andalucía,Sevilla,2022,Spain,August,10.349.393,1.25,4.75,67.25
Andalucía,Sevilla,2022,Spain,September,7.425.522,1.5,5.25,77.25
Andalucía,Sevilla,2022,Spain,October,5.898.581,1.8,5.2,71.4
Andalucía,Sevilla,2022,Spain,November,3.460.024,1.0,4.75,60.75
Andalucía,Sevilla,2022,Spain,December,3.187.449,1.5,3.5,53.0
Andalucía,Sevilla,2023,Spain,January,3.132.145,1.8,6.4,69.4
Andalucía,Sevilla,2023,Spain,February,3.747.888,1.5,6.5,75.5
Andalucía,Sevilla,2023,Spain,March,4.577.965,1.75,6.5,71.25
Andalucía,Sevilla,2023,Spain,April,6.448.428,2.4,6.4,72.8
Andalucía,Sevilla,2023,Spain,May,6.588.724,2.0,5.0,62.75
Andalucía,Sevilla,2023,Spain,June,7.299.127,1.5,4.25,60.0
Andalucía,Sevilla,2023,Spain,July,9.256.266,1.4,4.4,59.6
Andalucía,Sevilla,2023,Spain,August,10.540.609,2.0,4.0,62.5
Andalucía,Sevilla,2023,Spain,September,7.855.754,1.75,4.75,67.0
Andalucía,Sevilla,2023,Spain,October,6.611.713,2.0,5.2,65.2
Andalucía,Sevilla,2023,Spain,November,4.025.420,1.75,4.5,63.75
Andalucía,Sevilla,2023,Spain,December,3.818.411,1.8,4.0,55.0
Andalucía,Sevilla,2024,Spain,January,3.467.169,2.0,6.5,71.25
Andalucía,Sevilla,2024,Spain,February,4.264.132,2.25,7.5,78.0
Andalucía,Sevilla,2024,Spain,March,5.679.460,2.0,6.8,73.4
Andalucía,Sevilla,2024,Spain,April,6.326.483,2.0,5.0,66.25
Andalucía,Sevilla,2024,Spain,May,7.384.190,1.75,5.0,63.25
Andalucía,Sevilla,2024,Spain,June,7.722.271,2.0,3.6,59.6
Andalucía,Sevilla,2024,Spain,July,9.240.207,2.0,3.5,56.75
Andalucía,Sevilla,2024,Spain,August,10.684.142,1.5,3.5,60.0
Andalucía,Sevilla,2024,Spain,September,8.035.552,2.0,4.4,67.0
Andalucía,Sevilla,2024,Spain,October,6.642.258,2.0,4.5,60.25
Andalucía,Sevilla,2024,Spain,November,4.190.014,1.5,3.25,52.75
Andalucía,Sevilla,2024,Spain,December,3.675.342,2.0,3.4,48.2
Región de Murcia,Cartagena,2020,Spain,January,98.525,3.5,5.0,89.25
Región de Murcia,Cartagena,2020,Spain,February,106.579,3.0,3.75,74.25
Región de Murcia,Cartagena,2020,Spain,March,144.276,2.2,1.8,38.2
Región de Murcia,Cartagena,2020,Spain,April,146.166,0.5,0.5,16.0
Región de Murcia,Cartagena,2020,Spain,May,177.923,0.2,0.8,15.6
Región de Murcia,Cartagena,2020,Spain,June,318.730,0.5,1.25,17.75
Región de Murcia,Cartagena,2020,Spain,July,590.099,0.5,0.75,18.25
Región de Murcia,Cartagena,2020,Spain,August,768.703,0.6,1.0,21.0
Región de Murcia,Cartagena,2020,Spain,September,397.870,1.0,1.5,29.25
Región de Murcia,Cartagena,2020,Spain,October,388.967,0.75,1.75,40.75
Región de Murcia,Cartagena,2020,Spain,November,282.909,1.0,2.0,34.2
Región de Murcia,Cartagena,2020,Spain,December,276.767,1.25,2.0,38.5
Región de Murcia,Cartagena,2021,Spain,January,98.525,1.0,2.2,49.8
Región de Murcia,Cartagena,2021,Spain,February,106.579,1.0,2.25,47.5
Región de Murcia,Cartagena,2021,Spain,March,144.276,1.25,2.75,46.75
Región de Murcia,Cartagena,2021,Spain,April,146.166,1.5,2.25,39.0
Región de Murcia,Cartagena,2021,Spain,May,177.923,1.0,2.0,40.2
Región de Murcia,Cartagena,2021,Spain,June,318.730,1.25,3.0,57.5
Región de Murcia,Cartagena,2021,Spain,July,590.099,1.75,3.5,64.25
Región de Murcia,Cartagena,2021,Spain,August,768.703,1.6,3.2,63.0
Región de Murcia,Cartagena,2021,Spain,September,397.870,1.75,3.0,56.5
Región de Murcia,Cartagena,2021,Spain,October,388.967,1.8,2.8,61.2
Región de Murcia,Cartagena,2021,Spain,November,282.909,1.5,2.5,62.75
Región de Murcia,Cartagena,2021,Spain,December,276.767,2.25,2.75,56.0
Región de Murcia,Cartagena,2022,Spain,January,249.403,2.6,4.2,76.8
Región de Murcia,Cartagena,2022,Spain,February,298.877,3.0,4.0,72.0
Región de Murcia,Cartagena,2022,Spain,March,326.741,3.0,4.25,68.75
Región de Murcia,Cartagena,2022,Spain,April,450.075,3.0,4.0,66.75
Región de Murcia,Cartagena,2022,Spain,May,410.480,2.8,4.2,66.6
Región de Murcia,Cartagena,2022,Spain,June,487.708,3.0,4.25,71.25
Región de Murcia,Cartagena,2022,Spain,July,686.985,3.0,5.0,75.2
Región de Murcia,Cartagena,2022,Spain,August,819.919,2.5,4.0,71.25
Región de Murcia,Cartagena,2022,Spain,September,444.882,2.25,3.5,58.5
Región de Murcia,Cartagena,2022,Spain,October,408.231,2.8,3.8,57.4
Región de Murcia,Cartagena,2022,Spain,November,306.258,3.25,3.0,51.0
Región de Murcia,Cartagena,2022,Spain,December,302.875,3.25,4.0,52.25
Región de Murcia,Cartagena,2023,Spain,January,286.599,4.4,5.2,71.8
Región de Murcia,Cartagena,2023,Spain,February,316.051,3.75,4.5,60.75
Región de Murcia,Cartagena,2023,Spain,March,388.184,3.5,4.5,54.5
Región de Murcia,Cartagena,2023,Spain,April,466.972,3.4,3.8,51.0
Región de Murcia,Cartagena,2023,Spain,May,414.718,3.25,4.0,53.75
Región de Murcia,Cartagena,2023,Spain,June,501.839,3.75,4.75,61.5
Región de Murcia,Cartagena,2023,Spain,July,683.498,3.2,4.2,61.0
Región de Murcia,Cartagena,2023,Spain,August,847.928,3.5,4.0,57.0
Región de Murcia,Cartagena,2023,Spain,September,484.744,3.0,3.5,53.5
Región de Murcia,Cartagena,2023,Spain,October,429.899,3.0,3.6,49.0
Región de Murcia,Cartagena,2023,Spain,November,343.460,3.75,3.75,51.0
Región de Murcia,Cartagena,2023,Spain,December,329.774,4.0,4.2,52.8
Región de Murcia,Cartagena,2024,Spain,January,304.951,4.75,4.75,64.75
Región de Murcia,Cartagena,2024,Spain,February,379.225,4.25,4.25,56.5
Región de Murcia,Cartagena,2024,Spain,March,473.076,4.2,4.2,59.2
Región de Murcia,Cartagena,2024,Spain,April,400.902,3.5,4.0,55.75
Región de Murcia,Cartagena,2024,Spain,May,442.125,3.75,3.75,53.25
Región de Murcia,Cartagena,2024,Spain,June,493.185,3.2,4.2,59.6
Región de Murcia,Cartagena,2024,Spain,July,704.028,3.75,4.75,61.25
Región de Murcia,Cartagena,2024,Spain,August,862.640,3.75,4.5,64.75
Región de Murcia,Cartagena,2024,Spain,September,513.844,3.6,4.2,54.8
Región de Murcia,Cartagena,2024,Spain,October,448.038,3.25,3.75,51.0
Región de Murcia,Cartagena,2024,Spain,November,361.223,4.25,3.75,48.0
Región de Murcia,Cartagena,2024,Spain,December,327.328,4.4,4.0,48.0
Ciudad de Ceuta,Ceuta,2020,Spain,January,4.685,0.0,0.0,45.5
Ciudad de Ceuta,Ceuta,2020,Spain,February,5.329,0.0,0.0,44.75
Ciudad de Ceuta,Ceuta,2020,Spain,March,5.457,0.0,0.0,26.2
Ciudad de Ceuta,Ceuta,2020,Spain,April,4.847,0.0,0.0,4.0
Ciudad de Ceuta,Ceuta,2020,Spain,May,7.506,0.0,0.0,8.2
Ciudad de Ceuta,Ceuta,2020,Spain,June,13.759,0.0,4.75,26.5
Ciudad de Ceuta,Ceuta,2020,Spain,July,11.929,0.0,0.0,27.75
Ciudad de Ceuta,Ceuta,2020,Spain,August,11.606,0.0,0.0,34.2
Ciudad de Ceuta,Ceuta,2020,Spain,September,9.060,0.0,0.0,21.75
Ciudad de Ceuta,Ceuta,2020,Spain,October,8.605,0.0,0.0,17.0
Ciudad de Ceuta,Ceuta,2020,Spain,November,8.180,0.0,0.0,3.8
Ciudad de Ceuta,Ceuta,2020,Spain,December,6.386,0.0,0.0,11.25
Ciudad de Ceuta,Ceuta,2021,Spain,January,4.685,0.0,0.0,3.0
Ciudad de Ceuta,Ceuta,2021,Spain,February,5.329,0.0,0.0,16.25
Ciudad de Ceuta,Ceuta,2021,Spain,March,5.457,0.0,0.0,16.0
Ciudad de Ceuta,Ceuta,2021,Spain,April,4.847,0.0,0.0,22.75
Ciudad de Ceuta,Ceuta,2021,Spain,May,7.506,0.0,0.0,47.6
Ciudad de Ceuta,Ceuta,2021,Spain,June,13.759,0.0,0.0,33.75
Ciudad de Ceuta,Ceuta,2021,Spain,July,11.929,0.0,0.0,40.25
Ciudad de Ceuta,Ceuta,2021,Spain,August,11.606,0.0,0.0,37.6
Ciudad de Ceuta,Ceuta,2021,Spain,September,9.060,0.0,0.0,21.75
Ciudad de Ceuta,Ceuta,2021,Spain,October,8.605,0.0,0.0,27.4
Ciudad de Ceuta,Ceuta,2021,Spain,November,8.180,0.0,0.0,30.0
Ciudad de Ceuta,Ceuta,2021,Spain,December,6.386,0.0,0.0,19.5
Ciudad de Ceuta,Ceuta,2022,Spain,January,4.516,0.0,0.0,11.6
Ciudad de Ceuta,Ceuta,2022,Spain,February,5.290,0.0,0.0,26.25
Ciudad de Ceuta,Ceuta,2022,Spain,March,8.006,0.0,0.0,30.0
Ciudad de Ceuta,Ceuta,2022,Spain,April,8.696,0.0,0.0,33.0
Ciudad de Ceuta,Ceuta,2022,Spain,May,11.068,0.0,0.0,40.6
Ciudad de Ceuta,Ceuta,2022,Spain,June,13.452,0.0,4.5,56.0
Ciudad de Ceuta,Ceuta,2022,Spain,July,16.000,0.0,0.0,59.0
Ciudad de Ceuta,Ceuta,2022,Spain,August,18.653,0.0,0.0,61.25
Ciudad de Ceuta,Ceuta,2022,Spain,September,14.347,0.0,0.0,40.0
Ciudad de Ceuta,Ceuta,2022,Spain,October,14.054,0.0,0.0,37.6
Ciudad de Ceuta,Ceuta,2022,Spain,November,12.369,0.0,0.0,29.75
Ciudad de Ceuta,Ceuta,2022,Spain,December,10.730,0.0,0.0,25.5
Ciudad de Ceuta,Ceuta,2023,Spain,January,9.906,0.0,0.0,46.6
Ciudad de Ceuta,Ceuta,2023,Spain,February,8.894,0.0,0.0,32.0
Ciudad de Ceuta,Ceuta,2023,Spain,March,8.625,0.0,0.0,32.0
Ciudad de Ceuta,Ceuta,2023,Spain,April,12.820,0.0,0.0,38.2
Ciudad de Ceuta,Ceuta,2023,Spain,May,13.617,0.0,3.75,37.5
Ciudad de Ceuta,Ceuta,2023,Spain,June,14.221,0.0,0.0,47.75
Ciudad de Ceuta,Ceuta,2023,Spain,July,15.121,0.0,0.0,64.0
Ciudad de Ceuta,Ceuta,2023,Spain,August,20.287,0.0,0.0,54.25
Ciudad de Ceuta,Ceuta,2023,Spain,September,12.381,0.0,0.0,44.0
Ciudad de Ceuta,Ceuta,2023,Spain,October,8.957,0.0,6.0,30.0
Ciudad de Ceuta,Ceuta,2023,Spain,November,9.805,0.0,0.0,26.0
Ciudad de Ceuta,Ceuta,2023,Spain,December,9.792,0.0,0.0,27.4
Ciudad de Ceuta,Ceuta,2024,Spain,January,8.506,0.0,0.0,31.0
Ciudad de Ceuta,Ceuta,2024,Spain,February,8.330,0.0,0.0,31.75
Ciudad de Ceuta,Ceuta,2024,Spain,March,11.096,0.0,0.0,28.0
Ciudad de Ceuta,Ceuta,2024,Spain,April,14.455,0.0,0.0,41.5
Ciudad de Ceuta,Ceuta,2024,Spain,May,10.451,0.0,0.0,34.25
Ciudad de Ceuta,Ceuta,2024,Spain,June,11.408,0.0,3.2,41.8
Ciudad de Ceuta,Ceuta,2024,Spain,July,12.964,0.0,4.5,59.0
Ciudad de Ceuta,Ceuta,2024,Spain,August,17.714,0.0,0.0,60.0
Ciudad de Ceuta,Ceuta,2024,Spain,September,9.979,0.0,0.0,42.6
Ciudad de Ceuta,Ceuta,2024,Spain,October,10.832,3.75,0.0,22.0
Ciudad de Ceuta,Ceuta,2024,Spain,November,9.161,0.0,0.0,25.25
Ciudad de Ceuta,Ceuta,2024,Spain,December,9.688,0.0,0.0,19.8
Ciudad de Melilla,Melilla,2020,Spain,January,4.908,,,
Ciudad de Melilla,Melilla,2020,Spain,February,6.094,,,
Ciudad de Melilla,Melilla,2020,Spain,March,6.226,,,
Ciudad de Melilla,Melilla,2020,Spain,April,5.765,,,
Ciudad de Melilla,Melilla,2020,Spain,May,7.026,,,
Ciudad de Melilla,Melilla,2020,Spain,June,7.279,,,
Ciudad de Melilla,Melilla,2020,Spain,July,8.495,,,
Ciudad de Melilla,Melilla,2020,Spain,August,11.357,,,
Ciudad de Melilla,Melilla,2020,Spain,September,9.831,,,
Ciudad de Melilla,Melilla,2020,Spain,October,9.813,,,
Ciudad de Melilla,Melilla,2020,Spain,November,9.151,,,
Ciudad de Melilla,Melilla,2020,Spain,December,7.797,,,
Ciudad de Melilla,Melilla,2021,Spain,January,4.908,,,
Ciudad de Melilla,Melilla,2021,Spain,February,6.094,,,
Ciudad de Melilla,Melilla,2021,Spain,March,6.226,,,
Ciudad de Melilla,Melilla,2021,Spain,April,5.765,,,
Ciudad de Melilla,Melilla,2021,Spain,May,7.026,,,
Ciudad de Melilla,Melilla,2021,Spain,June,7.279,,,
Ciudad de Melilla,Melilla,2021,Spain,July,8.495,,,
Ciudad de Melilla,Melilla,2021,Spain,August,11.357,,,
Ciudad de Melilla,Melilla,2021,Spain,September,9.831,,,
Ciudad de Melilla,Melilla,2021,Spain,October,9.813,,,
Ciudad de Melilla,Melilla,2021,Spain,November,9.151,,,
Ciudad de Melilla,Melilla,2021,Spain,December,7.797,,,
Ciudad de Melilla,Melilla,2022,Spain,January,6.139,,,
Ciudad de Melilla,Melilla,2022,Spain,February,7.643,,,
Ciudad de Melilla,Melilla,2022,Spain,March,9.108,,,
Ciudad de Melilla,Melilla,2022,Spain,April,9.349,,,
Ciudad de Melilla,Melilla,2022,Spain,May,10.429,,,
Ciudad de Melilla,Melilla,2022,Spain,June,9.820,,,
Ciudad de Melilla,Melilla,2022,Spain,July,9.587,,,
Ciudad de Melilla,Melilla,2022,Spain,August,14.049,,,
Ciudad de Melilla,Melilla,2022,Spain,September,13.069,,,
Ciudad de Melilla,Melilla,2022,Spain,October,11.920,,,
Ciudad de Melilla,Melilla,2022,Spain,November,10.683,,,
Ciudad de Melilla,Melilla,2022,Spain,December,8.583,,,
Ciudad de Melilla,Melilla,2023,Spain,January,7.935,,,
Ciudad de Melilla,Melilla,2023,Spain,February,9.193,,,
Ciudad de Melilla,Melilla,2023,Spain,March,10.535,,,
Ciudad de Melilla,Melilla,2023,Spain,April,10.237,,,
Ciudad de Melilla,Melilla,2023,Spain,May,10.817,,,
Ciudad de Melilla,Melilla,2023,Spain,June,12.540,,,
Ciudad de Melilla,Melilla,2023,Spain,July,11.837,,,
Ciudad de Melilla,Melilla,2023,Spain,August,12.892,,,
Ciudad de Melilla,Melilla,2023,Spain,September,13.472,,,
Ciudad de Melilla,Melilla,2023,Spain,October,11.309,,,
Ciudad de Melilla,Melilla,2023,Spain,November,11.116,,,
Ciudad de Melilla,Melilla,2023,Spain,December,10.943,,,
Ciudad de Melilla,Melilla,2024,Spain,January,8.130,,,
Ciudad de Melilla,Melilla,2024,Spain,February,9.479,,,
Ciudad de Melilla,Melilla,2024,Spain,March,9.561,,,
Ciudad de Melilla,Melilla,2024,Spain,April,10.661,,,
Ciudad de Melilla,Melilla,2024,Spain,May,11.909,,,
Ciudad de Melilla,Melilla,2024,Spain,June,13.092,,,
Ciudad de Melilla,Melilla,2024,Spain,July,10.063,,,
Ciudad de Melilla,Melilla,2024,Spain,August,15.222,,,
Ciudad de Melilla,Melilla,2024,Spain,September,12.793,,,
Ciudad de Melilla,Melilla,2024,Spain,October,12.759,,,
Ciudad de Melilla,Melilla,2024,Spain,November,10.677,,,
Ciudad de Melilla,Melilla,2024,Spain,December,9.474,,,
Canarias,Las Palmas de Gran Canaria,2020,Spain,January,757.564,0.0,3.0,80.75
Canarias,Las Palmas de Gran Canaria,2020,Spain,February,630.562,0.0,0.0,71.25
Canarias,Las Palmas de Gran Canaria,2020,Spain,March,852.277,0.0,0.0,34.2
Canarias,Las Palmas de Gran Canaria,2020,Spain,April,979.916,0.0,2.75,23.5
Canarias,Las Palmas de Gran Canaria,2020,Spain,May,1.240.981,0.0,0.0,30.0
Canarias,Las Palmas de Gran Canaria,2020,Spain,June,2.017.929,0.0,3.25,46.5
Canarias,Las Palmas de Gran Canaria,2020,Spain,July,4.003.089,0.0,0.0,52.0
Canarias,Las Palmas de Gran Canaria,2020,Spain,August,6.052.969,0.0,0.0,52.2
Canarias,Las Palmas de Gran Canaria,2020,Spain,September,5.444.738,0.0,0.0,43.75
Canarias,Las Palmas de Gran Canaria,2020,Spain,October,6.831.628,0.0,0.0,38.75
Canarias,Las Palmas de Gran Canaria,2020,Spain,November,6.966.348,0.0,0.0,32.6
Canarias,Las Palmas de Gran Canaria,2020,Spain,December,6.224.205,0.0,0.0,27.5
Canarias,Las Palmas de Gran Canaria,2021,Spain,January,757.564,0.0,0.0,21.4
Canarias,Las Palmas de Gran Canaria,2021,Spain,February,630.562,0.0,0.0,26.25
Canarias,Las Palmas de Gran Canaria,2021,Spain,March,852.277,0.0,0.0,27.0
Canarias,Las Palmas de Gran Canaria,2021,Spain,April,979.916,0.0,0.0,32.5
Canarias,Las Palmas de Gran Canaria,2021,Spain,May,1.240.981,0.0,0.0,39.4
Canarias,Las Palmas de Gran Canaria,2021,Spain,June,2.017.929,0.0,0.0,57.25
Canarias,Las Palmas de Gran Canaria,2021,Spain,July,4.003.089,0.0,0.0,55.75
Canarias,Las Palmas de Gran Canaria,2021,Spain,August,6.052.969,0.0,0.0,58.4
Canarias,Las Palmas de Gran Canaria,2021,Spain,September,5.444.738,0.0,0.0,50.5
Canarias,Las Palmas de Gran Canaria,2021,Spain,October,6.831.628,0.0,0.0,52.2
Canarias,Las Palmas de Gran Canaria,2021,Spain,November,6.966.348,0.0,0.0,50.75
Canarias,Las Palmas de Gran Canaria,2021,Spain,December,6.224.205,0.0,0.0,38.5
Canarias,Las Palmas de Gran Canaria,2022,Spain,January,5.662.922,0.0,2.6,53.2
Canarias,Las Palmas de Gran Canaria,2022,Spain,February,6.206.324,0.0,0.0,66.75
Canarias,Las Palmas de Gran Canaria,2022,Spain,March,7.394.849,0.0,0.0,64.0
Canarias,Las Palmas de Gran Canaria,2022,Spain,April,7.319.494,0.0,0.0,67.0
Canarias,Las Palmas de Gran Canaria,2022,Spain,May,6.567.671,0.0,0.0,67.6
Canarias,Las Palmas de Gran Canaria,2022,Spain,June,7.014.346,0.0,0.0,64.25
Canarias,Las Palmas de Gran Canaria,2022,Spain,July,8.498.927,0.0,2.2,70.2
Canarias,Las Palmas de Gran Canaria,2022,Spain,August,9.325.999,0.0,0.0,67.75
Canarias,Las Palmas de Gran Canaria,2022,Spain,September,7.606.441,0.0,2.5,62.75
Canarias,Las Palmas de Gran Canaria,2022,Spain,October,8.036.754,0.0,0.0,55.8
Canarias,Las Palmas de Gran Canaria,2022,Spain,November,7.749.909,0.0,0.0,57.5
Canarias,Las Palmas de Gran Canaria,2022,Spain,December,7.883.412,0.0,0.0,52.75
Canarias,Las Palmas de Gran Canaria,2023,Spain,January,8.052.274,0.0,4.8,72.6
Canarias,Las Palmas de Gran Canaria,2023,Spain,February,7.689.749,0.0,5.0,59.5
Canarias,Las Palmas de Gran Canaria,2023,Spain,March,8.064.850,0.0,0.0,52.0
Canarias,Las Palmas de Gran Canaria,2023,Spain,April,7.551.075,0.0,0.0,58.8
Canarias,Las Palmas de Gran Canaria,2023,Spain,May,6.878.685,2.5,0.0,53.75
Canarias,Las Palmas de Gran Canaria,2023,Spain,June,7.180.509,3.0,0.0,59.25
Canarias,Las Palmas de Gran Canaria,2023,Spain,July,8.521.062,0.0,0.0,67.2
Canarias,Las Palmas de Gran Canaria,2023,Spain,August,8.967.673,0.0,0.0,59.25
Canarias,Las Palmas de Gran Canaria,2023,Spain,September,7.879.872,0.0,0.0,55.75
Canarias,Las Palmas de Gran Canaria,2023,Spain,October,8.372.249,0.0,2.0,56.6
Canarias,Las Palmas de Gran Canaria,2023,Spain,November,8.207.846,0.0,0.0,59.0
Canarias,Las Palmas de Gran Canaria,2023,Spain,December,8.209.112,0.0,0.0,61.8
Canarias,Las Palmas de Gran Canaria,2024,Spain,January,8.538.783,0.0,4.0,71.0
Canarias,Las Palmas de Gran Canaria,2024,Spain,February,8.274.901,0.0,2.75,61.25
Canarias,Las Palmas de Gran Canaria,2024,Spain,March,8.864.653,0.0,0.0,54.2
Canarias,Las Palmas de Gran Canaria,2024,Spain,April,7.557.618,0.0,0.0,54.0
Canarias,Las Palmas de Gran Canaria,2024,Spain,May,7.266.594,0.0,0.0,54.75
Canarias,Las Palmas de Gran Canaria,2024,Spain,June,7.529.539,0.0,2.8,58.0
Canarias,Las Palmas de Gran Canaria,2024,Spain,July,8.676.467,0.0,0.0,55.25
Canarias,Las Palmas de Gran Canaria,2024,Spain,August,9.386.778,0.0,0.0,56.75
Canarias,Las Palmas de Gran Canaria,2024,Spain,September,7.999.473,0.0,0.0,57.4
Canarias,Las Palmas de Gran Canaria,2024,Spain,October,8.708.047,0.0,0.0,50.25
Canarias,Las Palmas de Gran Canaria,2024,Spain,November,8.398.193,0.0,0.0,51.5
Canarias,Las Palmas de Gran Canaria,2024,Spain,December,8.287.773,0.0,0.0,53.4
