region,year_month,reddit_posts
Belgium,2020-01,0
Belgium,2020-02,0
Belgium,2020-03,0
Belgium,2020-04,0
Belgium,2020-05,0
Belgium,2020-06,0
Belgium,2020-07,0
Belgium,2020-08,0
Belgium,2020-09,0
Belgium,2020-10,0
Belgium,2020-11,0
Belgium,2020-12,0
Belgium,2021-01,0
Belgium,2021-02,0
Belgium,2021-03,0
Belgium,2021-04,0
Belgium,2021-05,0
Belgium,2021-06,0
Belgium,2021-07,0
Belgium,2021-08,0
Belgium,2021-09,0
Belgium,2021-10,0
Belgium,2021-11,0
Belgium,2021-12,0
Belgium,2022-01,0
Belgium,2022-02,0
Belgium,2022-03,0
Belgium,2022-04,0
Belgium,2022-05,0
Belgium,2022-06,0
Belgium,2022-07,0
Belgium,2022-08,0
Belgium,2022-09,0
Belgium,2022-10,0
Belgium,2022-11,0
Belgium,2022-12,0
Belgium,2023-01,0
Belgium,2023-02,0
Belgium,2023-03,0
Belgium,2023-04,0
Belgium,2023-05,0
Belgium,2023-06,0
Belgium,2023-07,0
Belgium,2023-08,0
Belgium,2023-09,0
Belgium,2023-10,0
Belgium,2023-11,0
Belgium,2023-12,0
Belgium,2024-01,0
Belgium,2024-02,0
Belgium,2024-03,0
Belgium,2024-04,0
Belgium,2024-05,0
Belgium,2024-06,0
Belgium,2024-07,0
Belgium,2024-08,0
Belgium,2024-09,0
Belgium,2024-10,0
Belgium,2024-11,0
Belgium,2024-12,0
Belgium,2025-01,0
Belgium,2025-02,0
Belgium,2025-03,0
Belgium,2025-04,0
Belgium,2025-05,0
Belgium,2025-06,0
Belgium,2025-07,0
Belgium,2025-08,0
Belgium,2025-09,0
Belgium,2025-10,0
Belgium,2025-11,0
Belgium,2025-12,0
Région de Bruxelles-Capitale/Brussels Hoofdstedelijk Gewest,2020-01,0
Région de Bruxelles-Capitale/Brussels Hoofdstedelijk Gewest,2020-02,0
Région de Bruxelles-Capitale/Brussels Hoofdstedelijk Gewest,2020-03,0
Région de Bruxelles-Capitale/Brussels Hoofdstedelijk Gewest,2020-04,0
Région de Bruxelles-Capitale/Brussels Hoofdstedelijk Gewest,2020-05,0
Région de Bruxelles-Capitale/Brussels Hoofdstedelijk Gewest,2020-06,0
Région de Bruxelles-Capitale/Brussels Hoofdstedelijk Gewest,2020-07,0
Région de Bruxelles-Capitale/Brussels Hoofdstedelijk Gewest,2020-08,0
Région de Bruxelles-Capitale/Brussels Hoofdstedelijk Gewest,2020-09,0
Région de Bruxelles-Capitale/Brussels Hoofdstedelijk Gewest,2020-10,0
Région de Bruxelles-Capitale/Brussels Hoofdstedelijk Gewest,2020-11,0
Région de Bruxelles-Capitale/Brussels Hoofdstedelijk Gewest,2020-12,0
Région de Bruxelles-Capitale/Brussels Hoofdstedelijk Gewest,2021-01,0
Région de Bruxelles-Capitale/Brussels Hoofdstedelijk Gewest,2021-02,0
Région de Bruxelles-Capitale/Brussels Hoofdstedelijk Gewest,2021-03,0
Région de Bruxelles-Capitale/Brussels Hoofdstedelijk Gewest,2021-04,0
Région de Bruxelles-Capitale/Brussels Hoofdstedelijk Gewest,2021-05,0
Région de Bruxelles-Capitale/Brussels Hoofdstedelijk Gewest,2021-06,0
Région de Bruxelles-Capitale/Brussels Hoofdstedelijk Gewest,2021-07,0
Région de Bruxelles-Capitale/Brussels Hoofdstedelijk Gewest,2021-08,0
Région de Bruxelles-Capitale/Brussels Hoofdstedelijk Gewest,2021-09,0
Région de Bruxelles-Capitale/Brussels Hoofdstedelijk Gewest,2021-10,0
Région de Bruxelles-Capitale/Brussels Hoofdstedelijk Gewest,2021-11,0
Région de Bruxelles-Capitale/Brussels Hoofdstedelijk Gewest,2021-12,0
Région de Bruxelles-Capitale/Brussels Hoofdstedelijk Gewest,2022-01,0
Région de Bruxelles-Capitale/Brussels Hoofdstedelijk Gewest,2022-02,0
Région de Bruxelles-Capitale/Brussels Hoofdstedelijk Gewest,2022-03,0
Région de Bruxelles-Capitale/Brussels Hoofdstedelijk Gewest,2022-04,0
Région de Bruxelles-Capitale/Brussels Hoofdstedelijk Gewest,2022-05,0
Région de Bruxelles-Capitale/Brussels Hoofdstedelijk Gewest,2022-06,0
Région de Bruxelles-Capitale/Brussels Hoofdstedelijk Gewest,2022-07,0
Région de Bruxelles-Capitale/Brussels Hoofdstedelijk Gewest,2022-08,0
Région de Bruxelles-Capitale/Brussels Hoofdstedelijk Gewest,2022-09,0
Région de Bruxelles-Capitale/Brussels Hoofdstedelijk Gewest,2022-10,0
Région de Bruxelles-Capitale/Brussels Hoofdstedelijk Gewest,2022-11,0
Région de Bruxelles-Capitale/Brussels Hoofdstedelijk Gewest,2022-12,0
Région de Bruxelles-Capitale/Brussels Hoofdstedelijk Gewest,2023-01,0
Région de Bruxelles-Capitale/Brussels Hoofdstedelijk Gewest,2023-02,0
Région de Bruxelles-Capitale/Brussels Hoofdstedelijk Gewest,2023-03,0
Région de Bruxelles-Capitale/Brussels Hoofdstedelijk Gewest,2023-04,0
Région de Bruxelles-Capitale/Brussels Hoofdstedelijk Gewest,2023-05,0
Région de Bruxelles-Capitale/Brussels Hoofdstedelijk Gewest,2023-06,0
Région de Bruxelles-Capitale/Brussels Hoofdstedelijk Gewest,2023-07,0
Région de Bruxelles-Capitale/Brussels Hoofdstedelijk Gewest,2023-08,0
Région de Bruxelles-Capitale/Brussels Hoofdstedelijk Gewest,2023-09,0
Région de Bruxelles-Capitale/Brussels Hoofdstedelijk Gewest,2023-10,0
Région de Bruxelles-Capitale/Brussels Hoofdstedelijk Gewest,2023-11,0
Région de Bruxelles-Capitale/Brussels Hoofdstedelijk Gewest,2023-12,0
Région de Bruxelles-Capitale/Brussels Hoofdstedelijk Gewest,2024-01,0
Région de Bruxelles-Capitale/Brussels Hoofdstedelijk Gewest,2024-02,0
Région de Bruxelles-Capitale/Brussels Hoofdstedelijk Gewest,2024-03,0
Région de Bruxelles-Capitale/Brussels Hoofdstedelijk Gewest,2024-04,0
Région de Bruxelles-Capitale/Brussels Hoofdstedelijk Gewest,2024-05,0
Région de Bruxelles-Capitale/Brussels Hoofdstedelijk Gewest,2024-06,0
Région de Bruxelles-Capitale/Brussels Hoofdstedelijk Gewest,2024-07,0
Région de Bruxelles-Capitale/Brussels Hoofdstedelijk Gewest,2024-08,0
Région de Bruxelles-Capitale/Brussels Hoofdstedelijk Gewest,2024-09,0
Région de Bruxelles-Capitale/Brussels Hoofdstedelijk Gewest,2024-10,0
Région de Bruxelles-Capitale/Brussels Hoofdstedelijk Gewest,2024-11,0
Région de Bruxelles-Capitale/Brussels Hoofdstedelijk Gewest,2024-12,0
Région de Bruxelles-Capitale/Brussels Hoofdstedelijk Gewest,2025-01,0
Région de Bruxelles-Capitale/Brussels Hoofdstedelijk Gewest,2025-02,0
Région de Bruxelles-Capitale/Brussels Hoofdstedelijk Gewest,2025-03,0
Région de Bruxelles-Capitale/Brussels Hoofdstedelijk Gewest,2025-04,0
Région de Bruxelles-Capitale/Brussels Hoofdstedelijk Gewest,2025-05,0
Région de Bruxelles-Capitale/Brussels Hoofdstedelijk Gewest,2025-06,0
Région de Bruxelles-Capitale/Brussels Hoofdstedelijk Gewest,2025-07,0
Région de Bruxelles-Capitale/Brussels Hoofdstedelijk Gewest,2025-08,0
Région de Bruxelles-Capitale/Brussels Hoofdstedelijk Gewest,2025-09,0
Région de Bruxelles-Capitale/Brussels Hoofdstedelijk Gewest,2025-10,0
Région de Bruxelles-Capitale/Brussels Hoofdstedelijk Gewest,2025-11,0
Région de Bruxelles-Capitale/Brussels Hoofdstedelijk Gewest,2025-12,0
Région de Bruxelles-Capitale/Brussels Hoofdstedelijk Gewest,2020-01,0
Région de Bruxelles-Capitale/Brussels Hoofdstedelijk Gewest,2020-02,0
Région de Bruxelles-Capitale/Brussels Hoofdstedelijk Gewest,2020-03,0
Région de Bruxelles-Capitale/Brussels Hoofdstedelijk Gewest,2020-04,0
Région de Bruxelles-Capitale/Brussels Hoofdstedelijk Gewest,2020-05,0
Région de Bruxelles-Capitale/Brussels Hoofdstedelijk Gewest,2020-06,0
Région de Bruxelles-Capitale/Brussels Hoofdstedelijk Gewest,2020-07,0
Région de Bruxelles-Capitale/Brussels Hoofdstedelijk Gewest,2020-08,0
Région de Bruxelles-Capitale/Brussels Hoofdstedelijk Gewest,2020-09,0
Région de Bruxelles-Capitale/Brussels Hoofdstedelijk Gewest,2020-10,0
Région de Bruxelles-Capitale/Brussels Hoofdstedelijk Gewest,2020-11,0
Région de Bruxelles-Capitale/Brussels Hoofdstedelijk Gewest,2020-12,0
Région de Bruxelles-Capitale/Brussels Hoofdstedelijk Gewest,2021-01,0
Région de Bruxelles-Capitale/Brussels Hoofdstedelijk Gewest,2021-02,0
Région de Bruxelles-Capitale/Brussels Hoofdstedelijk Gewest,2021-03,0
Région de Bruxelles-Capitale/Brussels Hoofdstedelijk Gewest,2021-04,0
Région de Bruxelles-Capitale/Brussels Hoofdstedelijk Gewest,2021-05,0
Région de Bruxelles-Capitale/Brussels Hoofdstedelijk Gewest,2021-06,0
Région de Bruxelles-Capitale/Brussels Hoofdstedelijk Gewest,2021-07,0
Région de Bruxelles-Capitale/Brussels Hoofdstedelijk Gewest,2021-08,0
Région de Bruxelles-Capitale/Brussels Hoofdstedelijk Gewest,2021-09,0
Région de Bruxelles-Capitale/Brussels Hoofdstedelijk Gewest,2021-10,0
Région de Bruxelles-Capitale/Brussels Hoofdstedelijk Gewest,2021-11,0
Région de Bruxelles-Capitale/Brussels Hoofdstedelijk Gewest,2021-12,0
Région de Bruxelles-Capitale/Brussels Hoofdstedelijk Gewest,2022-01,0
Région de Bruxelles-Capitale/Brussels Hoofdstedelijk Gewest,2022-02,0
Région de Bruxelles-Capitale/Brussels Hoofdstedelijk Gewest,2022-03,0
Région de Bruxelles-Capitale/Brussels Hoofdstedelijk Gewest,2022-04,0
Région de Bruxelles-Capitale/Brussels Hoofdstedelijk Gewest,2022-05,0
Région de Bruxelles-Capitale/Brussels Hoofdstedelijk Gewest,2022-06,0
Région de Bruxelles-Capitale/Brussels Hoofdstedelijk Gewest,2022-07,0
Région de Bruxelles-Capitale/Brussels Hoofdstedelijk Gewest,2022-08,0
Région de Bruxelles-Capitale/Brussels Hoofdstedelijk Gewest,2022-09,0
Région de Bruxelles-Capitale/Brussels Hoofdstedelijk Gewest,2022-10,0
Région de Bruxelles-Capitale/Brussels Hoofdstedelijk Gewest,2022-11,0
Région de Bruxelles-Capitale/Brussels Hoofdstedelijk Gewest,2022-12,0
Région de Bruxelles-Capitale/Brussels Hoofdstedelijk Gewest,2023-01,0
Région de Bruxelles-Capitale/Brussels Hoofdstedelijk Gewest,2023-02,0
Région de Bruxelles-Capitale/Brussels Hoofdstedelijk Gewest,2023-03,0
Région de Bruxelles-Capitale/Brussels Hoofdstedelijk Gewest,2023-04,0
Région de Bruxelles-Capitale/Brussels Hoofdstedelijk Gewest,2023-05,0
Région de Bruxelles-Capitale/Brussels Hoofdstedelijk Gewest,2023-06,0
Région de Bruxelles-Capitale/Brussels Hoofdstedelijk Gewest,2023-07,0
Région de Bruxelles-Capitale/Brussels Hoofdstedelijk Gewest,2023-08,0
Région de Bruxelles-Capitale/Brussels Hoofdstedelijk Gewest,2023-09,0
Région de Bruxelles-Capitale/Brussels Hoofdstedelijk Gewest,2023-10,0
Région de Bruxelles-Capitale/Brussels Hoofdstedelijk Gewest,2023-11,0
Région de Bruxelles-Capitale/Brussels Hoofdstedelijk Gewest,2023-12,0
Région de Bruxelles-Capitale/Brussels Hoofdstedelijk Gewest,2024-01,0
Région de Bruxelles-Capitale/Brussels Hoofdstedelijk Gewest,2024-02,0
Région de Bruxelles-Capitale/Brussels Hoofdstedelijk Gewest,2024-03,0
Région de Bruxelles-Capitale/Brussels Hoofdstedelijk Gewest,2024-04,0
Région de Bruxelles-Capitale/Brussels Hoofdstedelijk Gewest,2024-05,0
Région de Bruxelles-Capitale/Brussels Hoofdstedelijk Gewest,2024-06,0
Région de Bruxelles-Capitale/Brussels Hoofdstedelijk Gewest,2024-07,0
Région de Bruxelles-Capitale/Brussels Hoofdstedelijk Gewest,2024-08,0
Région de Bruxelles-Capitale/Brussels Hoofdstedelijk Gewest,2024-09,0
Région de Bruxelles-Capitale/Brussels Hoofdstedelijk Gewest,2024-10,0
Région de Bruxelles-Capitale/Brussels Hoofdstedelijk Gewest,2024-11,0
Région de Bruxelles-Capitale/Brussels Hoofdstedelijk Gewest,2024-12,0
Région de Bruxelles-Capitale/Brussels Hoofdstedelijk Gewest,2025-01,0
Région de Bruxelles-Capitale/Brussels Hoofdstedelijk Gewest,2025-02,0
Région de Bruxelles-Capitale/Brussels Hoofdstedelijk Gewest,2025-03,0
Région de Bruxelles-Capitale/Brussels Hoofdstedelijk Gewest,2025-04,0
Région de Bruxelles-Capitale/Brussels Hoofdstedelijk Gewest,2025-05,0
Région de Bruxelles-Capitale/Brussels Hoofdstedelijk Gewest,2025-06,0
Région de Bruxelles-Capitale/Brussels Hoofdstedelijk Gewest,2025-07,0
Région de Bruxelles-Capitale/Brussels Hoofdstedelijk Gewest,2025-08,0
Région de Bruxelles-Capitale/Brussels Hoofdstedelijk Gewest,2025-09,0
Région de Bruxelles-Capitale/Brussels Hoofdstedelijk Gewest,2025-10,0
Région de Bruxelles-Capitale/Brussels Hoofdstedelijk Gewest,2025-11,0
Région de Bruxelles-Capitale/Brussels Hoofdstedelijk Gewest,2025-12,0
Région de Bruxelles-Capitale/Brussels Hoofdstedelijk Gewest,2020-01,0
Région de Bruxelles-Capitale/Brussels Hoofdstedelijk Gewest,2020-02,0
Région de Bruxelles-Capitale/Brussels Hoofdstedelijk Gewest,2020-03,0
Région de Bruxelles-Capitale/Brussels Hoofdstedelijk Gewest,2020-04,0
Région de Bruxelles-Capitale/Brussels Hoofdstedelijk Gewest,2020-05,0
Région de Bruxelles-Capitale/Brussels Hoofdstedelijk Gewest,2020-06,0
Région de Bruxelles-Capitale/Brussels Hoofdstedelijk Gewest,2020-07,0
Région de Bruxelles-Capitale/Brussels Hoofdstedelijk Gewest,2020-08,0
Région de Bruxelles-Capitale/Brussels Hoofdstedelijk Gewest,2020-09,0
Région de Bruxelles-Capitale/Brussels Hoofdstedelijk Gewest,2020-10,0
Région de Bruxelles-Capitale/Brussels Hoofdstedelijk Gewest,2020-11,0
Région de Bruxelles-Capitale/Brussels Hoofdstedelijk Gewest,2020-12,0
Région de Bruxelles-Capitale/Brussels Hoofdstedelijk Gewest,2021-01,0
Région de Bruxelles-Capitale/Brussels Hoofdstedelijk Gewest,2021-02,0
Région de Bruxelles-Capitale/Brussels Hoofdstedelijk Gewest,2021-03,0
Région de Bruxelles-Capitale/Brussels Hoofdstedelijk Gewest,2021-04,0
Région de Bruxelles-Capitale/Brussels Hoofdstedelijk Gewest,2021-05,0
Région de Bruxelles-Capitale/Brussels Hoofdstedelijk Gewest,2021-06,0
Région de Bruxelles-Capitale/Brussels Hoofdstedelijk Gewest,2021-07,0
Région de Bruxelles-Capitale/Brussels Hoofdstedelijk Gewest,2021-08,0
Région de Bruxelles-Capitale/Brussels Hoofdstedelijk Gewest,2021-09,0
Région de Bruxelles-Capitale/Brussels Hoofdstedelijk Gewest,2021-10,0
Région de Bruxelles-Capitale/Brussels Hoofdstedelijk Gewest,2021-11,0
Région de Bruxelles-Capitale/Brussels Hoofdstedelijk Gewest,2021-12,0
Région de Bruxelles-Capitale/Brussels Hoofdstedelijk Gewest,2022-01,0
Région de Bruxelles-Capitale/Brussels Hoofdstedelijk Gewest,2022-02,0
Région de Bruxelles-Capitale/Brussels Hoofdstedelijk Gewest,2022-03,0
Région de Bruxelles-Capitale/Brussels Hoofdstedelijk Gewest,2022-04,0
Région de Bruxelles-Capitale/Brussels Hoofdstedelijk Gewest,2022-05,0
Région de Bruxelles-Capitale/Brussels Hoofdstedelijk Gewest,2022-06,0
Région de Bruxelles-Capitale/Brussels Hoofdstedelijk Gewest,2022-07,0
Région de Bruxelles-Capitale/Brussels Hoofdstedelijk Gewest,2022-08,0
Région de Bruxelles-Capitale/Brussels Hoofdstedelijk Gewest,2022-09,0
Région de Bruxelles-Capitale/Brussels Hoofdstedelijk Gewest,2022-10,0
Région de Bruxelles-Capitale/Brussels Hoofdstedelijk Gewest,2022-11,0
Région de Bruxelles-Capitale/Brussels Hoofdstedelijk Gewest,2022-12,0
Région de Bruxelles-Capitale/Brussels Hoofdstedelijk Gewest,2023-01,0
Région de Bruxelles-Capitale/Brussels Hoofdstedelijk Gewest,2023-02,0
Région de Bruxelles-Capitale/Brussels Hoofdstedelijk Gewest,2023-03,0
Région de Bruxelles-Capitale/Brussels Hoofdstedelijk Gewest,2023-04,0
Région de Bruxelles-Capitale/Brussels Hoofdstedelijk Gewest,2023-05,0
Région de Bruxelles-Capitale/Brussels Hoofdstedelijk Gewest,2023-06,0
Région de Bruxelles-Capitale/Brussels Hoofdstedelijk Gewest,2023-07,0
Région de Bruxelles-Capitale/Brussels Hoofdstedelijk Gewest,2023-08,0
Région de Bruxelles-Capitale/Brussels Hoofdstedelijk Gewest,2023-09,0
Région de Bruxelles-Capitale/Brussels Hoofdstedelijk Gewest,2023-10,0
Région de Bruxelles-Capitale/Brussels Hoofdstedelijk Gewest,2023-11,0
Région de Bruxelles-Capitale/Brussels Hoofdstedelijk Gewest,2023-12,0
Région de Bruxelles-Capitale/Brussels Hoofdstedelijk Gewest,2024-01,0
Région de Bruxelles-Capitale/Brussels Hoofdstedelijk Gewest,2024-02,0
Région de Bruxelles-Capitale/Brussels Hoofdstedelijk Gewest,2024-03,0
Région de Bruxelles-Capitale/Brussels Hoofdstedelijk Gewest,2024-04,0
Région de Bruxelles-Capitale/Brussels Hoofdstedelijk Gewest,2024-05,0
Région de Bruxelles-Capitale/Brussels Hoofdstedelijk Gewest,2024-06,0
Région de Bruxelles-Capitale/Brussels Hoofdstedelijk Gewest,2024-07,0
Région de Bruxelles-Capitale/Brussels Hoofdstedelijk Gewest,2024-08,0
Région de Bruxelles-Capitale/Brussels Hoofdstedelijk Gewest,2024-09,0
Région de Bruxelles-Capitale/Brussels Hoofdstedelijk Gewest,2024-10,0
Région de Bruxelles-Capitale/Brussels Hoofdstedelijk Gewest,2024-11,0
Région de Bruxelles-Capitale/Brussels Hoofdstedelijk Gewest,2024-12,0
Région de Bruxelles-Capitale/Brussels Hoofdstedelijk Gewest,2025-01,0
Région de Bruxelles-Capitale/Brussels Hoofdstedelijk Gewest,2025-02,0
Région de Bruxelles-Capitale/Brussels Hoofdstedelijk Gewest,2025-03,0
Région de Bruxelles-Capitale/Brussels Hoofdstedelijk Gewest,2025-04,0
Région de Bruxelles-Capitale/Brussels Hoofdstedelijk Gewest,2025-05,0
Région de Bruxelles-Capitale/Brussels Hoofdstedelijk Gewest,2025-06,0
Région de Bruxelles-Capitale/Brussels Hoofdstedelijk Gewest,2025-07,0
Région de Bruxelles-Capitale/Brussels Hoofdstedelijk Gewest,2025-08,0
Région de Bruxelles-Capitale/Brussels Hoofdstedelijk Gewest,2025-09,0
Région de Bruxelles-Capitale/Brussels Hoofdstedelijk Gewest,2025-10,0
Région de Bruxelles-Capitale/Brussels Hoofdstedelijk Gewest,2025-11,0
Région de Bruxelles-Capitale/Brussels Hoofdstedelijk Gewest,2025-12,0
Région de Bruxelles-Capitale/Brussels Hoofdstedelijk Gewest,2020-01,0
Région de Bruxelles-Capitale/Brussels Hoofdstedelijk Gewest,2020-02,0
Région de Bruxelles-Capitale/Brussels Hoofdstedelijk Gewest,2020-03,0
Région de Bruxelles-Capitale/Brussels Hoofdstedelijk Gewest,2020-04,0
Région de Bruxelles-Capitale/Brussels Hoofdstedelijk Gewest,2020-05,0
Région de Bruxelles-Capitale/Brussels Hoofdstedelijk Gewest,2020-06,0
Région de Bruxelles-Capitale/Brussels Hoofdstedelijk Gewest,2020-07,0
Région de Bruxelles-Capitale/Brussels Hoofdstedelijk Gewest,2020-08,0
Région de Bruxelles-Capitale/Brussels Hoofdstedelijk Gewest,2020-09,0
Région de Bruxelles-Capitale/Brussels Hoofdstedelijk Gewest,2020-10,0
Région de Bruxelles-Capitale/Brussels Hoofdstedelijk Gewest,2020-11,0
Région de Bruxelles-Capitale/Brussels Hoofdstedelijk Gewest,2020-12,0
Région de Bruxelles-Capitale/Brussels Hoofdstedelijk Gewest,2021-01,0
Région de Bruxelles-Capitale/Brussels Hoofdstedelijk Gewest,2021-02,0
Région de Bruxelles-Capitale/Brussels Hoofdstedelijk Gewest,2021-03,0
Région de Bruxelles-Capitale/Brussels Hoofdstedelijk Gewest,2021-04,0
Région de Bruxelles-Capitale/Brussels Hoofdstedelijk Gewest,2021-05,0
Région de Bruxelles-Capitale/Brussels Hoofdstedelijk Gewest,2021-06,0
Région de Bruxelles-Capitale/Brussels Hoofdstedelijk Gewest,2021-07,0
Région de Bruxelles-Capitale/Brussels Hoofdstedelijk Gewest,2021-08,0
Région de Bruxelles-Capitale/Brussels Hoofdstedelijk Gewest,2021-09,0
Région de Bruxelles-Capitale/Brussels Hoofdstedelijk Gewest,2021-10,0
Région de Bruxelles-Capitale/Brussels Hoofdstedelijk Gewest,2021-11,0
Région de Bruxelles-Capitale/Brussels Hoofdstedelijk Gewest,2021-12,0
Région de Bruxelles-Capitale/Brussels Hoofdstedelijk Gewest,2022-01,0
Région de Bruxelles-Capitale/Brussels Hoofdstedelijk Gewest,2022-02,0
Région de Bruxelles-Capitale/Brussels Hoofdstedelijk Gewest,2022-03,0
Région de Bruxelles-Capitale/Brussels Hoofdstedelijk Gewest,2022-04,0
Région de Bruxelles-Capitale/Brussels Hoofdstedelijk Gewest,2022-05,0
Région de Bruxelles-Capitale/Brussels Hoofdstedelijk Gewest,2022-06,0
Région de Bruxelles-Capitale/Brussels Hoofdstedelijk Gewest,2022-07,0
Région de Bruxelles-Capitale/Brussels Hoofdstedelijk Gewest,2022-08,0
Région de Bruxelles-Capitale/Brussels Hoofdstedelijk Gewest,2022-09,0
Région de Bruxelles-Capitale/Brussels Hoofdstedelijk Gewest,2022-10,0
Région de Bruxelles-Capitale/Brussels Hoofdstedelijk Gewest,2022-11,0
Région de Bruxelles-Capitale/Brussels Hoofdstedelijk Gewest,2022-12,0
Région de Bruxelles-Capitale/Brussels Hoofdstedelijk Gewest,2023-01,0
Région de Bruxelles-Capitale/Brussels Hoofdstedelijk Gewest,2023-02,0
Région de Bruxelles-Capitale/Brussels Hoofdstedelijk Gewest,2023-03,0
Région de Bruxelles-Capitale/Brussels Hoofdstedelijk Gewest,2023-04,0
Région de Bruxelles-Capitale/Brussels Hoofdstedelijk Gewest,2023-05,0
Région de Bruxelles-Capitale/Brussels Hoofdstedelijk Gewest,2023-06,0
Région de Bruxelles-Capitale/Brussels Hoofdstedelijk Gewest,2023-07,0
Région de Bruxelles-Capitale/Brussels Hoofdstedelijk Gewest,2023-08,0
Région de Bruxelles-Capitale/Brussels Hoofdstedelijk Gewest,2023-09,0
Région de Bruxelles-Capitale/Brussels Hoofdstedelijk Gewest,2023-10,0
Région de Bruxelles-Capitale/Brussels Hoofdstedelijk Gewest,2023-11,0
Région de Bruxelles-Capitale/Brussels Hoofdstedelijk Gewest,2023-12,0
Région de Bruxelles-Capitale/Brussels Hoofdstedelijk Gewest,2024-01,0
Région de Bruxelles-Capitale/Brussels Hoofdstedelijk Gewest,2024-02,0
Région de Bruxelles-Capitale/Brussels Hoofdstedelijk Gewest,2024-03,0
Région de Bruxelles-Capitale/Brussels Hoofdstedelijk Gewest,2024-04,0
Région de Bruxelles-Capitale/Brussels Hoofdstedelijk Gewest,2024-05,0
Région de Bruxelles-Capitale/Brussels Hoofdstedelijk Gewest,2024-06,0
Région de Bruxelles-Capitale/Brussels Hoofdstedelijk Gewest,2024-07,0
Région de Bruxelles-Capitale/Brussels Hoofdstedelijk Gewest,2024-08,0
Région de Bruxelles-Capitale/Brussels Hoofdstedelijk Gewest,2024-09,0
Région de Bruxelles-Capitale/Brussels Hoofdstedelijk Gewest,2024-10,0
Région de Bruxelles-Capitale/Brussels Hoofdstedelijk Gewest,2024-11,0
Région de Bruxelles-Capitale/Brussels Hoofdstedelijk Gewest,2024-12,0
Région de Bruxelles-Capitale/Brussels Hoofdstedelijk Gewest,2025-01,0
Région de Bruxelles-Capitale/Brussels Hoofdstedelijk Gewest,2025-02,0
Région de Bruxelles-Capitale/Brussels Hoofdstedelijk Gewest,2025-03,0
Région de Bruxelles-Capitale/Brussels Hoofdstedelijk Gewest,2025-04,0
Région de Bruxelles-Capitale/Brussels Hoofdstedelijk Gewest,2025-05,0
Région de Bruxelles-Capitale/Brussels Hoofdstedelijk Gewest,2025-06,0
Région de Bruxelles-Capitale/Brussels Hoofdstedelijk Gewest,2025-07,0
Région de Bruxelles-Capitale/Brussels Hoofdstedelijk Gewest,2025-08,0
Région de Bruxelles-Capitale/Brussels Hoofdstedelijk Gewest,2025-09,0
Région de Bruxelles-Capitale/Brussels Hoofdstedelijk Gewest,2025-10,0
Région de Bruxelles-Capitale/Brussels Hoofdstedelijk Gewest,2025-11,0
Région de Bruxelles-Capitale/Brussels Hoofdstedelijk Gewest,2025-12,0
Vlaams Gewest,2020-01,0
Vlaams Gewest,2020-02,0
Vlaams Gewest,2020-03,0
Vlaams Gewest,2020-04,0
Vlaams Gewest,2020-05,0
Vlaams Gewest,2020-06,0
Vlaams Gewest,2020-07,0
Vlaams Gewest,2020-08,0
Vlaams Gewest,2020-09,0
Vlaams Gewest,2020-10,0
Vlaams Gewest,2020-11,0
Vlaams Gewest,2020-12,0
Vlaams Gewest,2021-01,0
Vlaams Gewest,2021-02,0
Vlaams Gewest,2021-03,0
Vlaams Gewest,2021-04,0
Vlaams Gewest,2021-05,0
Vlaams Gewest,2021-06,0
Vlaams Gewest,2021-07,0
Vlaams Gewest,2021-08,0
Vlaams Gewest,2021-09,0
Vlaams Gewest,2021-10,0
Vlaams Gewest,2021-11,0
Vlaams Gewest,2021-12,0
Vlaams Gewest,2022-01,0
Vlaams Gewest,2022-02,0
Vlaams Gewest,2022-03,0
Vlaams Gewest,2022-04,0
Vlaams Gewest,2022-05,0
Vlaams Gewest,2022-06,0
Vlaams Gewest,2022-07,0
Vlaams Gewest,2022-08,0
Vlaams Gewest,2022-09,0
Vlaams Gewest,2022-10,0
Vlaams Gewest,2022-11,0
Vlaams Gewest,2022-12,0
Vlaams Gewest,2023-01,0
Vlaams Gewest,2023-02,0
Vlaams Gewest,2023-03,0
Vlaams Gewest,2023-04,0
Vlaams Gewest,2023-05,0
Vlaams Gewest,2023-06,0
Vlaams Gewest,2023-07,0
Vlaams Gewest,2023-08,0
Vlaams Gewest,2023-09,0
Vlaams Gewest,2023-10,0
Vlaams Gewest,2023-11,0
Vlaams Gewest,2023-12,0
Vlaams Gewest,2024-01,0
Vlaams Gewest,2024-02,0
Vlaams Gewest,2024-03,0
Vlaams Gewest,2024-04,0
Vlaams Gewest,2024-05,0
Vlaams Gewest,2024-06,0
Vlaams Gewest,2024-07,0
Vlaams Gewest,2024-08,0
Vlaams Gewest,2024-09,0
Vlaams Gewest,2024-10,0
Vlaams Gewest,2024-11,0
Vlaams Gewest,2024-12,0
Vlaams Gewest,2025-01,0
Vlaams Gewest,2025-02,0
Vlaams Gewest,2025-03,0
Vlaams Gewest,2025-04,0
Vlaams Gewest,2025-05,0
Vlaams Gewest,2025-06,0
Vlaams Gewest,2025-07,0
Vlaams Gewest,2025-08,0
Vlaams Gewest,2025-09,0
Vlaams Gewest,2025-10,0
Vlaams Gewest,2025-11,0
Vlaams Gewest,2025-12,0
Prov. Antwerpen,2020-01,0
Prov. Antwerpen,2020-02,0
Prov. Antwerpen,2020-03,0
Prov. Antwerpen,2020-04,0
Prov. Antwerpen,2020-05,0
Prov. Antwerpen,2020-06,0
Prov. Antwerpen,2020-07,0
Prov. Antwerpen,2020-08,0
Prov. Antwerpen,2020-09,0
Prov. Antwerpen,2020-10,0
Prov. Antwerpen,2020-11,0
Prov. Antwerpen,2020-12,0
Prov. Antwerpen,2021-01,0
Prov. Antwerpen,2021-02,0
Prov. Antwerpen,2021-03,0
Prov. Antwerpen,2021-04,0
Prov. Antwerpen,2021-05,0
Prov. Antwerpen,2021-06,0
Prov. Antwerpen,2021-07,0
Prov. Antwerpen,2021-08,0
Prov. Antwerpen,2021-09,0
Prov. Antwerpen,2021-10,0
Prov. Antwerpen,2021-11,0
Prov. Antwerpen,2021-12,0
Prov. Antwerpen,2022-01,0
Prov. Antwerpen,2022-02,0
Prov. Antwerpen,2022-03,0
Prov. Antwerpen,2022-04,0
Prov. Antwerpen,2022-05,0
Prov. Antwerpen,2022-06,0
Prov. Antwerpen,2022-07,0
Prov. Antwerpen,2022-08,0
Prov. Antwerpen,2022-09,0
Prov. Antwerpen,2022-10,0
Prov. Antwerpen,2022-11,0
Prov. Antwerpen,2022-12,0
Prov. Antwerpen,2023-01,0
Prov. Antwerpen,2023-02,0
Prov. Antwerpen,2023-03,0
Prov. Antwerpen,2023-04,0
Prov. Antwerpen,2023-05,0
Prov. Antwerpen,2023-06,0
Prov. Antwerpen,2023-07,0
Prov. Antwerpen,2023-08,0
Prov. Antwerpen,2023-09,0
Prov. Antwerpen,2023-10,0
Prov. Antwerpen,2023-11,0
Prov. Antwerpen,2023-12,0
Prov. Antwerpen,2024-01,0
Prov. Antwerpen,2024-02,0
Prov. Antwerpen,2024-03,0
Prov. Antwerpen,2024-04,0
Prov. Antwerpen,2024-05,0
Prov. Antwerpen,2024-06,0
Prov. Antwerpen,2024-07,0
Prov. Antwerpen,2024-08,0
Prov. Antwerpen,2024-09,0
Prov. Antwerpen,2024-10,0
Prov. Antwerpen,2024-11,0
Prov. Antwerpen,2024-12,0
Prov. Antwerpen,2025-01,0
Prov. Antwerpen,2025-02,0
Prov. Antwerpen,2025-03,0
Prov. Antwerpen,2025-04,0
Prov. Antwerpen,2025-05,0
Prov. Antwerpen,2025-06,0
Prov. Antwerpen,2025-07,0
Prov. Antwerpen,2025-08,0
Prov. Antwerpen,2025-09,0
Prov. Antwerpen,2025-10,0
Prov. Antwerpen,2025-11,0
Prov. Antwerpen,2025-12,0
Arr. Antwerpen,2020-01,0
Arr. Antwerpen,2020-02,0
Arr. Antwerpen,2020-03,0
Arr. Antwerpen,2020-04,0
Arr. Antwerpen,2020-05,0
Arr. Antwerpen,2020-06,0
Arr. Antwerpen,2020-07,0
Arr. Antwerpen,2020-08,0
Arr. Antwerpen,2020-09,0
Arr. Antwerpen,2020-10,0
Arr. Antwerpen,2020-11,0
Arr. Antwerpen,2020-12,0
Arr. Antwerpen,2021-01,0
Arr. Antwerpen,2021-02,0
Arr. Antwerpen,2021-03,0
Arr. Antwerpen,2021-04,0
Arr. Antwerpen,2021-05,0
Arr. Antwerpen,2021-06,0
Arr. Antwerpen,2021-07,0
Arr. Antwerpen,2021-08,0
Arr. Antwerpen,2021-09,0
Arr. Antwerpen,2021-10,0
Arr. Antwerpen,2021-11,0
Arr. Antwerpen,2021-12,0
Arr. Antwerpen,2022-01,0
Arr. Antwerpen,2022-02,0
Arr. Antwerpen,2022-03,0
Arr. Antwerpen,2022-04,0
Arr. Antwerpen,2022-05,0
Arr. Antwerpen,2022-06,0
Arr. Antwerpen,2022-07,0
Arr. Antwerpen,2022-08,0
Arr. Antwerpen,2022-09,0
Arr. Antwerpen,2022-10,0
Arr. Antwerpen,2022-11,0
Arr. Antwerpen,2022-12,0
Arr. Antwerpen,2023-01,0
Arr. Antwerpen,2023-02,0
Arr. Antwerpen,2023-03,0
Arr. Antwerpen,2023-04,0
Arr. Antwerpen,2023-05,0
Arr. Antwerpen,2023-06,0
Arr. Antwerpen,2023-07,0
Arr. Antwerpen,2023-08,0
Arr. Antwerpen,2023-09,0
Arr. Antwerpen,2023-10,0
Arr. Antwerpen,2023-11,0
Arr. Antwerpen,2023-12,0
Arr. Antwerpen,2024-01,0
Arr. Antwerpen,2024-02,0
Arr. Antwerpen,2024-03,0
Arr. Antwerpen,2024-04,0
Arr. Antwerpen,2024-05,0
Arr. Antwerpen,2024-06,0
Arr. Antwerpen,2024-07,0
Arr. Antwerpen,2024-08,0
Arr. Antwerpen,2024-09,0
Arr. Antwerpen,2024-10,0
Arr. Antwerpen,2024-11,0
Arr. Antwerpen,2024-12,0
Arr. Antwerpen,2025-01,0
Arr. Antwerpen,2025-02,0
Arr. Antwerpen,2025-03,0
Arr. Antwerpen,2025-04,0
Arr. Antwerpen,2025-05,0
Arr. Antwerpen,2025-06,0
Arr. Antwerpen,2025-07,0
Arr. Antwerpen,2025-08,0
Arr. Antwerpen,2025-09,0
Arr. Antwerpen,2025-10,0
Arr. Antwerpen,2025-11,0
Arr. Antwerpen,2025-12,0
Arr. Mechelen,2020-01,0
Arr. Mechelen,2020-02,0
Arr. Mechelen,2020-03,0
Arr. Mechelen,2020-04,0
Arr. Mechelen,2020-05,0
Arr. Mechelen,2020-06,0
Arr. Mechelen,2020-07,0
Arr. Mechelen,2020-08,0
Arr. Mechelen,2020-09,0
Arr. Mechelen,2020-10,0
Arr. Mechelen,2020-11,0
Arr. Mechelen,2020-12,0
Arr. Mechelen,2021-01,0
Arr. Mechelen,2021-02,0
Arr. Mechelen,2021-03,0
Arr. Mechelen,2021-04,0
Arr. Mechelen,2021-05,0
Arr. Mechelen,2021-06,0
Arr. Mechelen,2021-07,0
Arr. Mechelen,2021-08,0
Arr. Mechelen,2021-09,0
Arr. Mechelen,2021-10,0
Arr. Mechelen,2021-11,0
Arr. Mechelen,2021-12,0
Arr. Mechelen,2022-01,0
Arr. Mechelen,2022-02,0
Arr. Mechelen,2022-03,0
Arr. Mechelen,2022-04,0
Arr. Mechelen,2022-05,0
Arr. Mechelen,2022-06,0
Arr. Mechelen,2022-07,0
Arr. Mechelen,2022-08,0
Arr. Mechelen,2022-09,0
Arr. Mechelen,2022-10,0
Arr. Mechelen,2022-11,0
Arr. Mechelen,2022-12,0
Arr. Mechelen,2023-01,0
Arr. Mechelen,2023-02,0
Arr. Mechelen,2023-03,0
Arr. Mechelen,2023-04,0
Arr. Mechelen,2023-05,0
Arr. Mechelen,2023-06,0
Arr. Mechelen,2023-07,0
Arr. Mechelen,2023-08,0
Arr. Mechelen,2023-09,0
Arr. Mechelen,2023-10,0
Arr. Mechelen,2023-11,0
Arr. Mechelen,2023-12,0
Arr. Mechelen,2024-01,0
Arr. Mechelen,2024-02,0
Arr. Mechelen,2024-03,0
Arr. Mechelen,2024-04,0
Arr. Mechelen,2024-05,0
Arr. Mechelen,2024-06,0
Arr. Mechelen,2024-07,0
Arr. Mechelen,2024-08,0
Arr. Mechelen,2024-09,0
Arr. Mechelen,2024-10,0
Arr. Mechelen,2024-11,0
Arr. Mechelen,2024-12,0
Arr. Mechelen,2025-01,0
Arr. Mechelen,2025-02,0
Arr. Mechelen,2025-03,0
Arr. Mechelen,2025-04,0
Arr. Mechelen,2025-05,0
Arr. Mechelen,2025-06,0
Arr. Mechelen,2025-07,0
Arr. Mechelen,2025-08,0
Arr. Mechelen,2025-09,0
Arr. Mechelen,2025-10,0
Arr. Mechelen,2025-11,0
Arr. Mechelen,2025-12,0
Arr. Turnhout,2020-01,0
Arr. Turnhout,2020-02,0
Arr. Turnhout,2020-03,0
Arr. Turnhout,2020-04,0
Arr. Turnhout,2020-05,0
Arr. Turnhout,2020-06,0
Arr. Turnhout,2020-07,0
Arr. Turnhout,2020-08,0
Arr. Turnhout,2020-09,0
Arr. Turnhout,2020-10,0
Arr. Turnhout,2020-11,0
Arr. Turnhout,2020-12,0
Arr. Turnhout,2021-01,0
Arr. Turnhout,2021-02,0
Arr. Turnhout,2021-03,0
Arr. Turnhout,2021-04,0
Arr. Turnhout,2021-05,0
Arr. Turnhout,2021-06,0
Arr. Turnhout,2021-07,0
Arr. Turnhout,2021-08,0
Arr. Turnhout,2021-09,0
Arr. Turnhout,2021-10,0
Arr. Turnhout,2021-11,0
Arr. Turnhout,2021-12,0
Arr. Turnhout,2022-01,0
Arr. Turnhout,2022-02,0
Arr. Turnhout,2022-03,0
Arr. Turnhout,2022-04,0
Arr. Turnhout,2022-05,0
Arr. Turnhout,2022-06,0
Arr. Turnhout,2022-07,0
Arr. Turnhout,2022-08,0
Arr. Turnhout,2022-09,0
Arr. Turnhout,2022-10,0
Arr. Turnhout,2022-11,0
Arr. Turnhout,2022-12,0
Arr. Turnhout,2023-01,0
Arr. Turnhout,2023-02,0
Arr. Turnhout,2023-03,0
Arr. Turnhout,2023-04,0
Arr. Turnhout,2023-05,0
Arr. Turnhout,2023-06,0
Arr. Turnhout,2023-07,0
Arr. Turnhout,2023-08,0
Arr. Turnhout,2023-09,0
Arr. Turnhout,2023-10,0
Arr. Turnhout,2023-11,0
Arr. Turnhout,2023-12,0
Arr. Turnhout,2024-01,0
Arr. Turnhout,2024-02,0
Arr. Turnhout,2024-03,0
Arr. Turnhout,2024-04,0
Arr. Turnhout,2024-05,0
Arr. Turnhout,2024-06,0
Arr. Turnhout,2024-07,0
Arr. Turnhout,2024-08,0
Arr. Turnhout,2024-09,0
Arr. Turnhout,2024-10,0
Arr. Turnhout,2024-11,0
Arr. Turnhout,2024-12,0
Arr. Turnhout,2025-01,0
Arr. Turnhout,2025-02,0
Arr. Turnhout,2025-03,0
Arr. Turnhout,2025-04,0
Arr. Turnhout,2025-05,0
Arr. Turnhout,2025-06,0
Arr. Turnhout,2025-07,0
Arr. Turnhout,2025-08,0
Arr. Turnhout,2025-09,0
Arr. Turnhout,2025-10,0
Arr. Turnhout,2025-11,0
Arr. Turnhout,2025-12,0
Arr. Tongeren,2020-01,0
Arr. Tongeren,2020-02,0
Arr. Tongeren,2020-03,0
Arr. Tongeren,2020-04,0
Arr. Tongeren,2020-05,0
Arr. Tongeren,2020-06,0
Arr. Tongeren,2020-07,0
Arr. Tongeren,2020-08,0
Arr. Tongeren,2020-09,0
Arr. Tongeren,2020-10,0
Arr. Tongeren,2020-11,0
Arr. Tongeren,2020-12,0
Arr. Tongeren,2021-01,0
Arr. Tongeren,2021-02,0
Arr. Tongeren,2021-03,0
Arr. Tongeren,2021-04,0
Arr. Tongeren,2021-05,0
Arr. Tongeren,2021-06,0
Arr. Tongeren,2021-07,0
Arr. Tongeren,2021-08,0
Arr. Tongeren,2021-09,0
Arr. Tongeren,2021-10,0
Arr. Tongeren,2021-11,0
Arr. Tongeren,2021-12,0
Arr. Tongeren,2022-01,0
Arr. Tongeren,2022-02,0
Arr. Tongeren,2022-03,0
Arr. Tongeren,2022-04,0
Arr. Tongeren,2022-05,0
Arr. Tongeren,2022-06,0
Arr. Tongeren,2022-07,0
Arr. Tongeren,2022-08,0
Arr. Tongeren,2022-09,0
Arr. Tongeren,2022-10,0
Arr. Tongeren,2022-11,0
Arr. Tongeren,2022-12,0
Arr. Tongeren,2023-01,0
Arr. Tongeren,2023-02,0
Arr. Tongeren,2023-03,0
Arr. Tongeren,2023-04,0
Arr. Tongeren,2023-05,0
Arr. Tongeren,2023-06,0
Arr. Tongeren,2023-07,0
Arr. Tongeren,2023-08,0
Arr. Tongeren,2023-09,0
Arr. Tongeren,2023-10,0
Arr. Tongeren,2023-11,0
Arr. Tongeren,2023-12,0
Arr. Tongeren,2024-01,0
Arr. Tongeren,2024-02,0
Arr. Tongeren,2024-03,0
Arr. Tongeren,2024-04,0
Arr. Tongeren,2024-05,0
Arr. Tongeren,2024-06,0
Arr. Tongeren,2024-07,0
Arr. Tongeren,2024-08,0
Arr. Tongeren,2024-09,0
Arr. Tongeren,2024-10,0
Arr. Tongeren,2024-11,0
Arr. Tongeren,2024-12,0
Arr. Tongeren,2025-01,0
Arr. Tongeren,2025-02,0
Arr. Tongeren,2025-03,0
Arr. Tongeren,2025-04,0
Arr. Tongeren,2025-05,0
Arr. Tongeren,2025-06,0
Arr. Tongeren,2025-07,0
Arr. Tongeren,2025-08,0
Arr. Tongeren,2025-09,0
Arr. Tongeren,2025-10,0
Arr. Tongeren,2025-11,0
Arr. Tongeren,2025-12,0
Arr. Hasselt,2020-01,0
Arr. Hasselt,2020-02,0
Arr. Hasselt,2020-03,0
Arr. Hasselt,2020-04,0
Arr. Hasselt,2020-05,0
Arr. Hasselt,2020-06,0
Arr. Hasselt,2020-07,0
Arr. Hasselt,2020-08,0
Arr. Hasselt,2020-09,0
Arr. Hasselt,2020-10,0
Arr. Hasselt,2020-11,0
Arr. Hasselt,2020-12,0
Arr. Hasselt,2021-01,0
Arr. Hasselt,2021-02,0
Arr. Hasselt,2021-03,0
Arr. Hasselt,2021-04,0
Arr. Hasselt,2021-05,0
Arr. Hasselt,2021-06,0
Arr. Hasselt,2021-07,0
Arr. Hasselt,2021-08,0
Arr. Hasselt,2021-09,0
Arr. Hasselt,2021-10,0
Arr. Hasselt,2021-11,0
Arr. Hasselt,2021-12,0
Arr. Hasselt,2022-01,0
Arr. Hasselt,2022-02,0
Arr. Hasselt,2022-03,0
Arr. Hasselt,2022-04,0
Arr. Hasselt,2022-05,0
Arr. Hasselt,2022-06,0
Arr. Hasselt,2022-07,0
Arr. Hasselt,2022-08,0
Arr. Hasselt,2022-09,0
Arr. Hasselt,2022-10,0
Arr. Hasselt,2022-11,0
Arr. Hasselt,2022-12,0
Arr. Hasselt,2023-01,0
Arr. Hasselt,2023-02,0
Arr. Hasselt,2023-03,0
Arr. Hasselt,2023-04,0
Arr. Hasselt,2023-05,0
Arr. Hasselt,2023-06,0
Arr. Hasselt,2023-07,0
Arr. Hasselt,2023-08,0
Arr. Hasselt,2023-09,0
Arr. Hasselt,2023-10,0
Arr. Hasselt,2023-11,0
Arr. Hasselt,2023-12,0
Arr. Hasselt,2024-01,0
Arr. Hasselt,2024-02,0
Arr. Hasselt,2024-03,0
Arr. Hasselt,2024-04,0
Arr. Hasselt,2024-05,0
Arr. Hasselt,2024-06,0
Arr. Hasselt,2024-07,0
Arr. Hasselt,2024-08,0
Arr. Hasselt,2024-09,0
Arr. Hasselt,2024-10,0
Arr. Hasselt,2024-11,0
Arr. Hasselt,2024-12,0
Arr. Hasselt,2025-01,0
Arr. Hasselt,2025-02,0
Arr. Hasselt,2025-03,0
Arr. Hasselt,2025-04,0
Arr. Hasselt,2025-05,0
Arr. Hasselt,2025-06,0
Arr. Hasselt,2025-07,0
Arr. Hasselt,2025-08,0
Arr. Hasselt,2025-09,0
Arr. Hasselt,2025-10,0
Arr. Hasselt,2025-11,0
Arr. Hasselt,2025-12,0
Arr. Maaseik,2020-01,0
Arr. Maaseik,2020-02,0
Arr. Maaseik,2020-03,0
Arr. Maaseik,2020-04,0
Arr. Maaseik,2020-05,0
Arr. Maaseik,2020-06,0
Arr. Maaseik,2020-07,0
Arr. Maaseik,2020-08,0
Arr. Maaseik,2020-09,0
Arr. Maaseik,2020-10,0
Arr. Maaseik,2020-11,0
Arr. Maaseik,2020-12,0
Arr. Maaseik,2021-01,0
Arr. Maaseik,2021-02,0
Arr. Maaseik,2021-03,0
Arr. Maaseik,2021-04,0
Arr. Maaseik,2021-05,0
Arr. Maaseik,2021-06,0
Arr. Maaseik,2021-07,0
Arr. Maaseik,2021-08,0
Arr. Maaseik,2021-09,0
Arr. Maaseik,2021-10,0
Arr. Maaseik,2021-11,0
Arr. Maaseik,2021-12,0
Arr. Maaseik,2022-01,0
Arr. Maaseik,2022-02,0
Arr. Maaseik,2022-03,0
Arr. Maaseik,2022-04,0
Arr. Maaseik,2022-05,0
Arr. Maaseik,2022-06,0
Arr. Maaseik,2022-07,0
Arr. Maaseik,2022-08,0
Arr. Maaseik,2022-09,0
Arr. Maaseik,2022-10,0
Arr. Maaseik,2022-11,0
Arr. Maaseik,2022-12,0
Arr. Maaseik,2023-01,0
Arr. Maaseik,2023-02,0
Arr. Maaseik,2023-03,0
Arr. Maaseik,2023-04,0
Arr. Maaseik,2023-05,0
Arr. Maaseik,2023-06,0
Arr. Maaseik,2023-07,0
Arr. Maaseik,2023-08,0
Arr. Maaseik,2023-09,0
Arr. Maaseik,2023-10,0
Arr. Maaseik,2023-11,0
Arr. Maaseik,2023-12,0
Arr. Maaseik,2024-01,0
Arr. Maaseik,2024-02,0
Arr. Maaseik,2024-03,0
Arr. Maaseik,2024-04,0
Arr. Maaseik,2024-05,0
Arr. Maaseik,2024-06,0
Arr. Maaseik,2024-07,0
Arr. Maaseik,2024-08,0
Arr. Maaseik,2024-09,0
Arr. Maaseik,2024-10,0
Arr. Maaseik,2024-11,0
Arr. Maaseik,2024-12,0
Arr. Maaseik,2025-01,0
Arr. Maaseik,2025-02,0
Arr. Maaseik,2025-03,0
Arr. Maaseik,2025-04,0
Arr. Maaseik,2025-05,0
Arr. Maaseik,2025-06,0
Arr. Maaseik,2025-07,0
Arr. Maaseik,2025-08,0
Arr. Maaseik,2025-09,0
Arr. Maaseik,2025-10,0
Arr. Maaseik,2025-11,0
Arr. Maaseik,2025-12,0
Prov. Oost-Vlaanderen,2020-01,0
Prov. Oost-Vlaanderen,2020-02,0
Prov. Oost-Vlaanderen,2020-03,0
Prov. Oost-Vlaanderen,2020-04,0
Prov. Oost-Vlaanderen,2020-05,0
Prov. Oost-Vlaanderen,2020-06,0
Prov. Oost-Vlaanderen,2020-07,0
Prov. Oost-Vlaanderen,2020-08,0
Prov. Oost-Vlaanderen,2020-09,0
Prov. Oost-Vlaanderen,2020-10,0
Prov. Oost-Vlaanderen,2020-11,0
Prov. Oost-Vlaanderen,2020-12,0
Prov. Oost-Vlaanderen,2021-01,0
Prov. Oost-Vlaanderen,2021-02,0
Prov. Oost-Vlaanderen,2021-03,0
Prov. Oost-Vlaanderen,2021-04,0
Prov. Oost-Vlaanderen,2021-05,0
Prov. Oost-Vlaanderen,2021-06,0
Prov. Oost-Vlaanderen,2021-07,0
Prov. Oost-Vlaanderen,2021-08,0
Prov. Oost-Vlaanderen,2021-09,0
Prov. Oost-Vlaanderen,2021-10,0
Prov. Oost-Vlaanderen,2021-11,0
Prov. Oost-Vlaanderen,2021-12,0
Prov. Oost-Vlaanderen,2022-01,0
Prov. Oost-Vlaanderen,2022-02,0
Prov. Oost-Vlaanderen,2022-03,0
Prov. Oost-Vlaanderen,2022-04,0
Prov. Oost-Vlaanderen,2022-05,0
Prov. Oost-Vlaanderen,2022-06,0
Prov. Oost-Vlaanderen,2022-07,0
Prov. Oost-Vlaanderen,2022-08,0
Prov. Oost-Vlaanderen,2022-09,0
Prov. Oost-Vlaanderen,2022-10,0
Prov. Oost-Vlaanderen,2022-11,0
Prov. Oost-Vlaanderen,2022-12,0
Prov. Oost-Vlaanderen,2023-01,0
Prov. Oost-Vlaanderen,2023-02,0
Prov. Oost-Vlaanderen,2023-03,0
Prov. Oost-Vlaanderen,2023-04,0
Prov. Oost-Vlaanderen,2023-05,0
Prov. Oost-Vlaanderen,2023-06,0
Prov. Oost-Vlaanderen,2023-07,0
Prov. Oost-Vlaanderen,2023-08,0
Prov. Oost-Vlaanderen,2023-09,0
Prov. Oost-Vlaanderen,2023-10,0
Prov. Oost-Vlaanderen,2023-11,0
Prov. Oost-Vlaanderen,2023-12,0
Prov. Oost-Vlaanderen,2024-01,0
Prov. Oost-Vlaanderen,2024-02,0
Prov. Oost-Vlaanderen,2024-03,0
Prov. Oost-Vlaanderen,2024-04,0
Prov. Oost-Vlaanderen,2024-05,0
Prov. Oost-Vlaanderen,2024-06,0
Prov. Oost-Vlaanderen,2024-07,0
Prov. Oost-Vlaanderen,2024-08,0
Prov. Oost-Vlaanderen,2024-09,0
Prov. Oost-Vlaanderen,2024-10,0
Prov. Oost-Vlaanderen,2024-11,0
Prov. Oost-Vlaanderen,2024-12,0
Prov. Oost-Vlaanderen,2025-01,0
Prov. Oost-Vlaanderen,2025-02,0
Prov. Oost-Vlaanderen,2025-03,0
Prov. Oost-Vlaanderen,2025-04,0
Prov. Oost-Vlaanderen,2025-05,0
Prov. Oost-Vlaanderen,2025-06,0
Prov. Oost-Vlaanderen,2025-07,0
Prov. Oost-Vlaanderen,2025-08,0
Prov. Oost-Vlaanderen,2025-09,0
Prov. Oost-Vlaanderen,2025-10,0
Prov. Oost-Vlaanderen,2025-11,0
Prov. Oost-Vlaanderen,2025-12,0
Arr. Dendermonde,2020-01,0
Arr. Dendermonde,2020-02,0
Arr. Dendermonde,2020-03,0
Arr. Dendermonde,2020-04,0
Arr. Dendermonde,2020-05,0
Arr. Dendermonde,2020-06,0
Arr. Dendermonde,2020-07,0
Arr. Dendermonde,2020-08,0
Arr. Dendermonde,2020-09,0
Arr. Dendermonde,2020-10,0
Arr. Dendermonde,2020-11,0
Arr. Dendermonde,2020-12,0
Arr. Dendermonde,2021-01,0
Arr. Dendermonde,2021-02,0
Arr. Dendermonde,2021-03,0
Arr. Dendermonde,2021-04,0
Arr. Dendermonde,2021-05,0
Arr. Dendermonde,2021-06,0
Arr. Dendermonde,2021-07,0
Arr. Dendermonde,2021-08,0
Arr. Dendermonde,2021-09,0
Arr. Dendermonde,2021-10,0
Arr. Dendermonde,2021-11,0
Arr. Dendermonde,2021-12,0
Arr. Dendermonde,2022-01,0
Arr. Dendermonde,2022-02,0
Arr. Dendermonde,2022-03,0
Arr. Dendermonde,2022-04,0
Arr. Dendermonde,2022-05,0
Arr. Dendermonde,2022-06,0
Arr. Dendermonde,2022-07,0
Arr. Dendermonde,2022-08,0
Arr. Dendermonde,2022-09,0
Arr. Dendermonde,2022-10,0
Arr. Dendermonde,2022-11,0
Arr. Dendermonde,2022-12,0
Arr. Dendermonde,2023-01,0
Arr. Dendermonde,2023-02,0
Arr. Dendermonde,2023-03,0
Arr. Dendermonde,2023-04,0
Arr. Dendermonde,2023-05,0
Arr. Dendermonde,2023-06,0
Arr. Dendermonde,2023-07,0
Arr. Dendermonde,2023-08,0
Arr. Dendermonde,2023-09,0
Arr. Dendermonde,2023-10,0
Arr. Dendermonde,2023-11,0
Arr. Dendermonde,2023-12,0
Arr. Dendermonde,2024-01,0
Arr. Dendermonde,2024-02,0
Arr. Dendermonde,2024-03,0
Arr. Dendermonde,2024-04,0
Arr. Dendermonde,2024-05,0
Arr. Dendermonde,2024-06,0
Arr. Dendermonde,2024-07,0
Arr. Dendermonde,2024-08,0
Arr. Dendermonde,2024-09,0
Arr. Dendermonde,2024-10,0
Arr. Dendermonde,2024-11,0
Arr. Dendermonde,2024-12,0
Arr. Dendermonde,2025-01,0
Arr. Dendermonde,2025-02,0
Arr. Dendermonde,2025-03,0
Arr. Dendermonde,2025-04,0
Arr. Dendermonde,2025-05,0
Arr. Dendermonde,2025-06,0
Arr. Dendermonde,2025-07,0
Arr. Dendermonde,2025-08,0
Arr. Dendermonde,2025-09,0
Arr. Dendermonde,2025-10,0
Arr. Dendermonde,2025-11,0
Arr. Dendermonde,2025-12,0
Arr. Eeklo,2020-01,0
Arr. Eeklo,2020-02,0
Arr. Eeklo,2020-03,0
Arr. Eeklo,2020-04,0
Arr. Eeklo,2020-05,0
Arr. Eeklo,2020-06,0
Arr. Eeklo,2020-07,0
Arr. Eeklo,2020-08,0
Arr. Eeklo,2020-09,0
Arr. Eeklo,2020-10,0
Arr. Eeklo,2020-11,0
Arr. Eeklo,2020-12,0
Arr. Eeklo,2021-01,0
Arr. Eeklo,2021-02,0
Arr. Eeklo,2021-03,0
Arr. Eeklo,2021-04,0
Arr. Eeklo,2021-05,0
Arr. Eeklo,2021-06,0
Arr. Eeklo,2021-07,0
Arr. Eeklo,2021-08,0
Arr. Eeklo,2021-09,0
Arr. Eeklo,2021-10,0
Arr. Eeklo,2021-11,0
Arr. Eeklo,2021-12,0
Arr. Eeklo,2022-01,0
Arr. Eeklo,2022-02,0
Arr. Eeklo,2022-03,0
Arr. Eeklo,2022-04,0
Arr. Eeklo,2022-05,0
Arr. Eeklo,2022-06,0
Arr. Eeklo,2022-07,0
Arr. Eeklo,2022-08,0
Arr. Eeklo,2022-09,0
Arr. Eeklo,2022-10,0
Arr. Eeklo,2022-11,0
Arr. Eeklo,2022-12,0
Arr. Eeklo,2023-01,0
Arr. Eeklo,2023-02,0
Arr. Eeklo,2023-03,0
Arr. Eeklo,2023-04,0
Arr. Eeklo,2023-05,0
Arr. Eeklo,2023-06,0
Arr. Eeklo,2023-07,0
Arr. Eeklo,2023-08,0
Arr. Eeklo,2023-09,0
Arr. Eeklo,2023-10,0
Arr. Eeklo,2023-11,0
Arr. Eeklo,2023-12,0
Arr. Eeklo,2024-01,0
Arr. Eeklo,2024-02,0
Arr. Eeklo,2024-03,0
Arr. Eeklo,2024-04,0
Arr. Eeklo,2024-05,0
Arr. Eeklo,2024-06,0
Arr. Eeklo,2024-07,0
Arr. Eeklo,2024-08,0
Arr. Eeklo,2024-09,0
Arr. Eeklo,2024-10,0
Arr. Eeklo,2024-11,0
Arr. Eeklo,2024-12,0
Arr. Eeklo,2025-01,0
Arr. Eeklo,2025-02,0
Arr. Eeklo,2025-03,0
Arr. Eeklo,2025-04,0
Arr. Eeklo,2025-05,0
Arr. Eeklo,2025-06,0
Arr. Eeklo,2025-07,0
Arr. Eeklo,2025-08,0
Arr. Eeklo,2025-09,0
Arr. Eeklo,2025-10,0
Arr. Eeklo,2025-11,0
Arr. Eeklo,2025-12,0
Arr. Gent,2020-01,0
Arr. Gent,2020-02,0
Arr. Gent,2020-03,0
Arr. Gent,2020-04,0
Arr. Gent,2020-05,0
Arr. Gent,2020-06,0
Arr. Gent,2020-07,0
Arr. Gent,2020-08,0
Arr. Gent,2020-09,0
Arr. Gent,2020-10,0
Arr. Gent,2020-11,0
Arr. Gent,2020-12,0
Arr. Gent,2021-01,0
Arr. Gent,2021-02,0
Arr. Gent,2021-03,0
Arr. Gent,2021-04,0
Arr. Gent,2021-05,0
Arr. Gent,2021-06,0
Arr. Gent,2021-07,0
Arr. Gent,2021-08,0
Arr. Gent,2021-09,0
Arr. Gent,2021-10,0
Arr. Gent,2021-11,0
Arr. Gent,2021-12,0
Arr. Gent,2022-01,0
Arr. Gent,2022-02,0
Arr. Gent,2022-03,0
Arr. Gent,2022-04,0
Arr. Gent,2022-05,0
Arr. Gent,2022-06,0
Arr. Gent,2022-07,0
Arr. Gent,2022-08,0
Arr. Gent,2022-09,0
Arr. Gent,2022-10,0
Arr. Gent,2022-11,0
Arr. Gent,2022-12,0
Arr. Gent,2023-01,0
Arr. Gent,2023-02,0
Arr. Gent,2023-03,0
Arr. Gent,2023-04,0
Arr. Gent,2023-05,0
Arr. Gent,2023-06,0
Arr. Gent,2023-07,0
Arr. Gent,2023-08,0
Arr. Gent,2023-09,0
Arr. Gent,2023-10,0
Arr. Gent,2023-11,0
Arr. Gent,2023-12,0
Arr. Gent,2024-01,0
Arr. Gent,2024-02,0
Arr. Gent,2024-03,0
Arr. Gent,2024-04,0
Arr. Gent,2024-05,0
Arr. Gent,2024-06,0
Arr. Gent,2024-07,0
Arr. Gent,2024-08,0
Arr. Gent,2024-09,0
Arr. Gent,2024-10,0
Arr. Gent,2024-11,0
Arr. Gent,2024-12,0
Arr. Gent,2025-01,0
Arr. Gent,2025-02,0
Arr. Gent,2025-03,0
Arr. Gent,2025-04,0
Arr. Gent,2025-05,0
Arr. Gent,2025-06,0
Arr. Gent,2025-07,0
Arr. Gent,2025-08,0
Arr. Gent,2025-09,0
Arr. Gent,2025-10,0
Arr. Gent,2025-11,0
Arr. Gent,2025-12,0
Arr. Oudenaarde,2020-01,0
Arr. Oudenaarde,2020-02,0
Arr. Oudenaarde,2020-03,0
Arr. Oudenaarde,2020-04,0
Arr. Oudenaarde,2020-05,0
Arr. Oudenaarde,2020-06,0
Arr. Oudenaarde,2020-07,0
Arr. Oudenaarde,2020-08,0
Arr. Oudenaarde,2020-09,0
Arr. Oudenaarde,2020-10,0
Arr. Oudenaarde,2020-11,0
Arr. Oudenaarde,2020-12,0
Arr. Oudenaarde,2021-01,0
Arr. Oudenaarde,2021-02,0
Arr. Oudenaarde,2021-03,0
Arr. Oudenaarde,2021-04,0
Arr. Oudenaarde,2021-05,0
Arr. Oudenaarde,2021-06,0
Arr. Oudenaarde,2021-07,0
Arr. Oudenaarde,2021-08,0
Arr. Oudenaarde,2021-09,0
Arr. Oudenaarde,2021-10,0
Arr. Oudenaarde,2021-11,0
Arr. Oudenaarde,2021-12,0
Arr. Oudenaarde,2022-01,0
Arr. Oudenaarde,2022-02,0
Arr. Oudenaarde,2022-03,0
Arr. Oudenaarde,2022-04,0
Arr. Oudenaarde,2022-05,0
Arr. Oudenaarde,2022-06,0
Arr. Oudenaarde,2022-07,0
Arr. Oudenaarde,2022-08,0
Arr. Oudenaarde,2022-09,0
Arr. Oudenaarde,2022-10,0
Arr. Oudenaarde,2022-11,0
Arr. Oudenaarde,2022-12,0
Arr. Oudenaarde,2023-01,0
Arr. Oudenaarde,2023-02,0
Arr. Oudenaarde,2023-03,0
Arr. Oudenaarde,2023-04,0
Arr. Oudenaarde,2023-05,0
Arr. Oudenaarde,2023-06,0
Arr. Oudenaarde,2023-07,0
Arr. Oudenaarde,2023-08,0
Arr. Oudenaarde,2023-09,0
Arr. Oudenaarde,2023-10,0
Arr. Oudenaarde,2023-11,0
Arr. Oudenaarde,2023-12,0
Arr. Oudenaarde,2024-01,0
Arr. Oudenaarde,2024-02,0
Arr. Oudenaarde,2024-03,0
Arr. Oudenaarde,2024-04,0
Arr. Oudenaarde,2024-05,0
Arr. Oudenaarde,2024-06,0
Arr. Oudenaarde,2024-07,0
Arr. Oudenaarde,2024-08,0
Arr. Oudenaarde,2024-09,0
Arr. Oudenaarde,2024-10,0
Arr. Oudenaarde,2024-11,0
Arr. Oudenaarde,2024-12,0
Arr. Oudenaarde,2025-01,0
Arr. Oudenaarde,2025-02,0
Arr. Oudenaarde,2025-03,0
Arr. Oudenaarde,2025-04,0
Arr. Oudenaarde,2025-05,0
Arr. Oudenaarde,2025-06,0
Arr. Oudenaarde,2025-07,0
Arr. Oudenaarde,2025-08,0
Arr. Oudenaarde,2025-09,0
Arr. Oudenaarde,2025-10,0
Arr. Oudenaarde,2025-11,0
Arr. Oudenaarde,2025-12,0
Arr. Sint-Niklaas,2020-01,0
Arr. Sint-Niklaas,2020-02,0
Arr. Sint-Niklaas,2020-03,0
Arr. Sint-Niklaas,2020-04,0
Arr. Sint-Niklaas,2020-05,0
Arr. Sint-Niklaas,2020-06,0
Arr. Sint-Niklaas,2020-07,0
Arr. Sint-Niklaas,2020-08,0
Arr. Sint-Niklaas,2020-09,0
Arr. Sint-Niklaas,2020-10,0
Arr. Sint-Niklaas,2020-11,0
Arr. Sint-Niklaas,2020-12,0
Arr. Sint-Niklaas,2021-01,0
Arr. Sint-Niklaas,2021-02,0
Arr. Sint-Niklaas,2021-03,0
Arr. Sint-Niklaas,2021-04,0
Arr. Sint-Niklaas,2021-05,0
Arr. Sint-Niklaas,2021-06,0
Arr. Sint-Niklaas,2021-07,0
Arr. Sint-Niklaas,2021-08,0
Arr. Sint-Niklaas,2021-09,0
Arr. Sint-Niklaas,2021-10,0
Arr. Sint-Niklaas,2021-11,0
Arr. Sint-Niklaas,2021-12,0
Arr. Sint-Niklaas,2022-01,0
Arr. Sint-Niklaas,2022-02,0
Arr. Sint-Niklaas,2022-03,0
Arr. Sint-Niklaas,2022-04,0
Arr. Sint-Niklaas,2022-05,0
Arr. Sint-Niklaas,2022-06,0
Arr. Sint-Niklaas,2022-07,0
Arr. Sint-Niklaas,2022-08,0
Arr. Sint-Niklaas,2022-09,0
Arr. Sint-Niklaas,2022-10,0
Arr. Sint-Niklaas,2022-11,0
Arr. Sint-Niklaas,2022-12,0
Arr. Sint-Niklaas,2023-01,0
Arr. Sint-Niklaas,2023-02,0
Arr. Sint-Niklaas,2023-03,0
Arr. Sint-Niklaas,2023-04,0
Arr. Sint-Niklaas,2023-05,0
Arr. Sint-Niklaas,2023-06,0
Arr. Sint-Niklaas,2023-07,0
Arr. Sint-Niklaas,2023-08,0
Arr. Sint-Niklaas,2023-09,0
Arr. Sint-Niklaas,2023-10,0
Arr. Sint-Niklaas,2023-11,0
Arr. Sint-Niklaas,2023-12,0
Arr. Sint-Niklaas,2024-01,0
Arr. Sint-Niklaas,2024-02,0
Arr. Sint-Niklaas,2024-03,0
Arr. Sint-Niklaas,2024-04,0
Arr. Sint-Niklaas,2024-05,0
Arr. Sint-Niklaas,2024-06,0
Arr. Sint-Niklaas,2024-07,0
Arr. Sint-Niklaas,2024-08,0
Arr. Sint-Niklaas,2024-09,0
Arr. Sint-Niklaas,2024-10,0
Arr. Sint-Niklaas,2024-11,0
Arr. Sint-Niklaas,2024-12,0
Arr. Sint-Niklaas,2025-01,0
Arr. Sint-Niklaas,2025-02,0
Arr. Sint-Niklaas,2025-03,0
Arr. Sint-Niklaas,2025-04,0
Arr. Sint-Niklaas,2025-05,0
Arr. Sint-Niklaas,2025-06,0
Arr. Sint-Niklaas,2025-07,0
Arr. Sint-Niklaas,2025-08,0
Arr. Sint-Niklaas,2025-09,0
Arr. Sint-Niklaas,2025-10,0
Arr. Sint-Niklaas,2025-11,0
Arr. Sint-Niklaas,2025-12,0
Prov. Vlaams-Brabant,2020-01,0
Prov. Vlaams-Brabant,2020-02,0
Prov. Vlaams-Brabant,2020-03,0
Prov. Vlaams-Brabant,2020-04,0
Prov. Vlaams-Brabant,2020-05,0
Prov. Vlaams-Brabant,2020-06,0
Prov. Vlaams-Brabant,2020-07,0
Prov. Vlaams-Brabant,2020-08,0
Prov. Vlaams-Brabant,2020-09,0
Prov. Vlaams-Brabant,2020-10,0
Prov. Vlaams-Brabant,2020-11,0
Prov. Vlaams-Brabant,2020-12,0
Prov. Vlaams-Brabant,2021-01,0
Prov. Vlaams-Brabant,2021-02,0
Prov. Vlaams-Brabant,2021-03,0
Prov. Vlaams-Brabant,2021-04,0
Prov. Vlaams-Brabant,2021-05,0
Prov. Vlaams-Brabant,2021-06,0
Prov. Vlaams-Brabant,2021-07,0
Prov. Vlaams-Brabant,2021-08,0
Prov. Vlaams-Brabant,2021-09,0
Prov. Vlaams-Brabant,2021-10,0
Prov. Vlaams-Brabant,2021-11,0
Prov. Vlaams-Brabant,2021-12,0
Prov. Vlaams-Brabant,2022-01,0
Prov. Vlaams-Brabant,2022-02,0
Prov. Vlaams-Brabant,2022-03,0
Prov. Vlaams-Brabant,2022-04,0
Prov. Vlaams-Brabant,2022-05,0
Prov. Vlaams-Brabant,2022-06,0
Prov. Vlaams-Brabant,2022-07,0
Prov. Vlaams-Brabant,2022-08,0
Prov. Vlaams-Brabant,2022-09,0
Prov. Vlaams-Brabant,2022-10,0
Prov. Vlaams-Brabant,2022-11,0
Prov. Vlaams-Brabant,2022-12,0
Prov. Vlaams-Brabant,2023-01,0
Prov. Vlaams-Brabant,2023-02,0
Prov. Vlaams-Brabant,2023-03,0
Prov. Vlaams-Brabant,2023-04,0
Prov. Vlaams-Brabant,2023-05,0
Prov. Vlaams-Brabant,2023-06,0
Prov. Vlaams-Brabant,2023-07,0
Prov. Vlaams-Brabant,2023-08,0
Prov. Vlaams-Brabant,2023-09,0
Prov. Vlaams-Brabant,2023-10,0
Prov. Vlaams-Brabant,2023-11,0
Prov. Vlaams-Brabant,2023-12,0
Prov. Vlaams-Brabant,2024-01,0
Prov. Vlaams-Brabant,2024-02,0
Prov. Vlaams-Brabant,2024-03,0
Prov. Vlaams-Brabant,2024-04,0
Prov. Vlaams-Brabant,2024-05,0
Prov. Vlaams-Brabant,2024-06,0
Prov. Vlaams-Brabant,2024-07,0
Prov. Vlaams-Brabant,2024-08,0
Prov. Vlaams-Brabant,2024-09,0
Prov. Vlaams-Brabant,2024-10,0
Prov. Vlaams-Brabant,2024-11,0
Prov. Vlaams-Brabant,2024-12,0
Prov. Vlaams-Brabant,2025-01,0
Prov. Vlaams-Brabant,2025-02,0
Prov. Vlaams-Brabant,2025-03,0
Prov. Vlaams-Brabant,2025-04,0
Prov. Vlaams-Brabant,2025-05,0
Prov. Vlaams-Brabant,2025-06,0
Prov. Vlaams-Brabant,2025-07,0
Prov. Vlaams-Brabant,2025-08,0
Prov. Vlaams-Brabant,2025-09,0
Prov. Vlaams-Brabant,2025-10,0
Prov. Vlaams-Brabant,2025-11,0
Prov. Vlaams-Brabant,2025-12,0
