region,year_month,wiki_views
Belgium,2020-01,365064
Belgium,2020-02,329852
Belgium,2020-03,345837
Belgium,2020-04,459580
Belgium,2020-05,404713
Belgium,2020-06,312742
Belgium,2020-07,321096
Belgium,2020-08,312687
Belgium,2020-09,300883
Belgium,2020-10,347931
Belgium,2020-11,311547
Belgium,2020-12,315969
Belgium,2021-01,304000
Belgium,2021-02,271631
Belgium,2021-03,321472
Belgium,2021-04,302142
Belgium,2021-05,326699
Belgium,2021-06,447696
Belgium,2021-07,0
Belgium,2021-08,6682
Belgium,2021-09,0
Belgium,2021-10,0
Belgium,2021-11,247254
Belgium,2021-12,6793
Belgium,2022-01,0
Belgium,2022-02,6496
Belgium,2022-03,0
Belgium,2022-04,85565
Belgium,2022-05,0
Belgium,2022-06,354324
Belgium,2022-07,0
Belgium,2022-08,387072
Belgium,2022-09,0
Belgium,2022-10,112964
Belgium,2022-11,561201
Belgium,2022-12,0
Belgium,2023-01,300113
Belgium,2023-02,0
Belgium,2023-03,342727
Belgium,2023-04,97582
Belgium,2023-05,0
Belgium,2023-06,95891
Belgium,2023-07,0
Belgium,2023-08,313109
Belgium,2023-09,0
Belgium,2023-10,124106
Belgium,2023-11,0
Belgium,2023-12,99452
Belgium,2024-01,0
Belgium,2024-02,98371
Belgium,2024-03,0
Belgium,2024-04,295362
Belgium,2024-05,0
Belgium,2024-06,311110
Belgium,2024-07,0
Belgium,2024-08,80584
Belgium,2024-09,0
Belgium,2024-10,78900
Belgium,2024-11,0
Belgium,2024-12,235309
Belgium,2025-01,0
Belgium,2025-02,232659
Belgium,2025-03,0
Belgium,2025-04,235437
Belgium,2025-05,9238
Belgium,2025-06,0
Belgium,2025-07,73519
Belgium,2025-08,319349
Belgium,2025-09,0
Belgium,2025-10,211168
Belgium,2025-11,0
Belgium,2025-12,207959
Région de Bruxelles-Capitale/Brussels Hoofdstedelijk Gewest,2020-01,79471
Région de Bruxelles-Capitale/Brussels Hoofdstedelijk Gewest,2020-02,77342
Région de Bruxelles-Capitale/Brussels Hoofdstedelijk Gewest,2020-03,67689
Région de Bruxelles-Capitale/Brussels Hoofdstedelijk Gewest,2020-04,83947
Région de Bruxelles-Capitale/Brussels Hoofdstedelijk Gewest,2020-05,77849
Région de Bruxelles-Capitale/Brussels Hoofdstedelijk Gewest,2020-06,62271
Région de Bruxelles-Capitale/Brussels Hoofdstedelijk Gewest,2020-07,86539
Région de Bruxelles-Capitale/Brussels Hoofdstedelijk Gewest,2020-08,73464
Région de Bruxelles-Capitale/Brussels Hoofdstedelijk Gewest,2020-09,85849
Région de Bruxelles-Capitale/Brussels Hoofdstedelijk Gewest,2020-10,66638
Région de Bruxelles-Capitale/Brussels Hoofdstedelijk Gewest,2020-11,67117
Région de Bruxelles-Capitale/Brussels Hoofdstedelijk Gewest,2020-12,70723
Région de Bruxelles-Capitale/Brussels Hoofdstedelijk Gewest,2021-01,64306
Région de Bruxelles-Capitale/Brussels Hoofdstedelijk Gewest,2021-02,74936
Région de Bruxelles-Capitale/Brussels Hoofdstedelijk Gewest,2021-03,65260
Région de Bruxelles-Capitale/Brussels Hoofdstedelijk Gewest,2021-04,81313
Région de Bruxelles-Capitale/Brussels Hoofdstedelijk Gewest,2021-05,63260
Région de Bruxelles-Capitale/Brussels Hoofdstedelijk Gewest,2021-06,97377
Région de Bruxelles-Capitale/Brussels Hoofdstedelijk Gewest,2021-07,0
Région de Bruxelles-Capitale/Brussels Hoofdstedelijk Gewest,2021-08,26872
Région de Bruxelles-Capitale/Brussels Hoofdstedelijk Gewest,2021-09,0
Région de Bruxelles-Capitale/Brussels Hoofdstedelijk Gewest,2021-10,76663
Région de Bruxelles-Capitale/Brussels Hoofdstedelijk Gewest,2021-11,0
Région de Bruxelles-Capitale/Brussels Hoofdstedelijk Gewest,2021-12,76760
Région de Bruxelles-Capitale/Brussels Hoofdstedelijk Gewest,2022-01,0
Région de Bruxelles-Capitale/Brussels Hoofdstedelijk Gewest,2022-02,28035
Région de Bruxelles-Capitale/Brussels Hoofdstedelijk Gewest,2022-03,0
Région de Bruxelles-Capitale/Brussels Hoofdstedelijk Gewest,2022-04,85565
Région de Bruxelles-Capitale/Brussels Hoofdstedelijk Gewest,2022-05,118750
Région de Bruxelles-Capitale/Brussels Hoofdstedelijk Gewest,2022-06,0
Région de Bruxelles-Capitale/Brussels Hoofdstedelijk Gewest,2022-07,40143
Région de Bruxelles-Capitale/Brussels Hoofdstedelijk Gewest,2022-08,0
Région de Bruxelles-Capitale/Brussels Hoofdstedelijk Gewest,2022-09,43689
Région de Bruxelles-Capitale/Brussels Hoofdstedelijk Gewest,2022-10,100920
Région de Bruxelles-Capitale/Brussels Hoofdstedelijk Gewest,2022-11,50544
Région de Bruxelles-Capitale/Brussels Hoofdstedelijk Gewest,2022-12,93425
Région de Bruxelles-Capitale/Brussels Hoofdstedelijk Gewest,2023-01,98639
Région de Bruxelles-Capitale/Brussels Hoofdstedelijk Gewest,2023-02,98241
Région de Bruxelles-Capitale/Brussels Hoofdstedelijk Gewest,2023-03,44375
Région de Bruxelles-Capitale/Brussels Hoofdstedelijk Gewest,2023-04,97582
Région de Bruxelles-Capitale/Brussels Hoofdstedelijk Gewest,2023-05,0
Région de Bruxelles-Capitale/Brussels Hoofdstedelijk Gewest,2023-06,95891
Région de Bruxelles-Capitale/Brussels Hoofdstedelijk Gewest,2023-07,112171
Région de Bruxelles-Capitale/Brussels Hoofdstedelijk Gewest,2023-08,0
Région de Bruxelles-Capitale/Brussels Hoofdstedelijk Gewest,2023-09,0
Région de Bruxelles-Capitale/Brussels Hoofdstedelijk Gewest,2023-10,175533
Région de Bruxelles-Capitale/Brussels Hoofdstedelijk Gewest,2023-11,0
Région de Bruxelles-Capitale/Brussels Hoofdstedelijk Gewest,2023-12,99452
Région de Bruxelles-Capitale/Brussels Hoofdstedelijk Gewest,2024-01,0
Région de Bruxelles-Capitale/Brussels Hoofdstedelijk Gewest,2024-02,98371
Région de Bruxelles-Capitale/Brussels Hoofdstedelijk Gewest,2024-03,44690
Région de Bruxelles-Capitale/Brussels Hoofdstedelijk Gewest,2024-04,0
Région de Bruxelles-Capitale/Brussels Hoofdstedelijk Gewest,2024-05,39964
Région de Bruxelles-Capitale/Brussels Hoofdstedelijk Gewest,2024-06,0
Région de Bruxelles-Capitale/Brussels Hoofdstedelijk Gewest,2024-07,75298
Région de Bruxelles-Capitale/Brussels Hoofdstedelijk Gewest,2024-08,80584
Région de Bruxelles-Capitale/Brussels Hoofdstedelijk Gewest,2024-09,73607
Région de Bruxelles-Capitale/Brussels Hoofdstedelijk Gewest,2024-10,78900
Région de Bruxelles-Capitale/Brussels Hoofdstedelijk Gewest,2024-11,74313
Région de Bruxelles-Capitale/Brussels Hoofdstedelijk Gewest,2024-12,71726
Région de Bruxelles-Capitale/Brussels Hoofdstedelijk Gewest,2025-01,0
Région de Bruxelles-Capitale/Brussels Hoofdstedelijk Gewest,2025-02,0
Région de Bruxelles-Capitale/Brussels Hoofdstedelijk Gewest,2025-03,41989
Région de Bruxelles-Capitale/Brussels Hoofdstedelijk Gewest,2025-04,0
Région de Bruxelles-Capitale/Brussels Hoofdstedelijk Gewest,2025-05,84304
Région de Bruxelles-Capitale/Brussels Hoofdstedelijk Gewest,2025-06,0
Région de Bruxelles-Capitale/Brussels Hoofdstedelijk Gewest,2025-07,73519
Région de Bruxelles-Capitale/Brussels Hoofdstedelijk Gewest,2025-08,83229
Région de Bruxelles-Capitale/Brussels Hoofdstedelijk Gewest,2025-09,0
Région de Bruxelles-Capitale/Brussels Hoofdstedelijk Gewest,2025-10,0
Région de Bruxelles-Capitale/Brussels Hoofdstedelijk Gewest,2025-11,0
Région de Bruxelles-Capitale/Brussels Hoofdstedelijk Gewest,2025-12,0
Région de Bruxelles-Capitale/Brussels Hoofdstedelijk Gewest,2020-01,103596
Région de Bruxelles-Capitale/Brussels Hoofdstedelijk Gewest,2020-02,77342
Région de Bruxelles-Capitale/Brussels Hoofdstedelijk Gewest,2020-03,67689
Région de Bruxelles-Capitale/Brussels Hoofdstedelijk Gewest,2020-04,83947
Région de Bruxelles-Capitale/Brussels Hoofdstedelijk Gewest,2020-05,101563
Région de Bruxelles-Capitale/Brussels Hoofdstedelijk Gewest,2020-06,62271
Région de Bruxelles-Capitale/Brussels Hoofdstedelijk Gewest,2020-07,86539
Région de Bruxelles-Capitale/Brussels Hoofdstedelijk Gewest,2020-08,73464
Région de Bruxelles-Capitale/Brussels Hoofdstedelijk Gewest,2020-09,85849
Région de Bruxelles-Capitale/Brussels Hoofdstedelijk Gewest,2020-10,66638
Région de Bruxelles-Capitale/Brussels Hoofdstedelijk Gewest,2020-11,67117
Région de Bruxelles-Capitale/Brussels Hoofdstedelijk Gewest,2020-12,95885
Région de Bruxelles-Capitale/Brussels Hoofdstedelijk Gewest,2021-01,64306
Région de Bruxelles-Capitale/Brussels Hoofdstedelijk Gewest,2021-02,74936
Région de Bruxelles-Capitale/Brussels Hoofdstedelijk Gewest,2021-03,65260
Région de Bruxelles-Capitale/Brussels Hoofdstedelijk Gewest,2021-04,81313
Région de Bruxelles-Capitale/Brussels Hoofdstedelijk Gewest,2021-05,63260
Région de Bruxelles-Capitale/Brussels Hoofdstedelijk Gewest,2021-06,97377
Région de Bruxelles-Capitale/Brussels Hoofdstedelijk Gewest,2021-07,0
Région de Bruxelles-Capitale/Brussels Hoofdstedelijk Gewest,2021-08,26872
Région de Bruxelles-Capitale/Brussels Hoofdstedelijk Gewest,2021-09,0
Région de Bruxelles-Capitale/Brussels Hoofdstedelijk Gewest,2021-10,76663
Région de Bruxelles-Capitale/Brussels Hoofdstedelijk Gewest,2021-11,0
Région de Bruxelles-Capitale/Brussels Hoofdstedelijk Gewest,2021-12,76760
Région de Bruxelles-Capitale/Brussels Hoofdstedelijk Gewest,2022-01,106418
Région de Bruxelles-Capitale/Brussels Hoofdstedelijk Gewest,2022-02,28035
Région de Bruxelles-Capitale/Brussels Hoofdstedelijk Gewest,2022-03,0
Région de Bruxelles-Capitale/Brussels Hoofdstedelijk Gewest,2022-04,117136
Région de Bruxelles-Capitale/Brussels Hoofdstedelijk Gewest,2022-05,118750
Région de Bruxelles-Capitale/Brussels Hoofdstedelijk Gewest,2022-06,0
Région de Bruxelles-Capitale/Brussels Hoofdstedelijk Gewest,2022-07,40143
Région de Bruxelles-Capitale/Brussels Hoofdstedelijk Gewest,2022-08,0
Région de Bruxelles-Capitale/Brussels Hoofdstedelijk Gewest,2022-09,43689
Région de Bruxelles-Capitale/Brussels Hoofdstedelijk Gewest,2022-10,100920
Région de Bruxelles-Capitale/Brussels Hoofdstedelijk Gewest,2022-11,50544
Région de Bruxelles-Capitale/Brussels Hoofdstedelijk Gewest,2022-12,93425
Région de Bruxelles-Capitale/Brussels Hoofdstedelijk Gewest,2023-01,98639
Région de Bruxelles-Capitale/Brussels Hoofdstedelijk Gewest,2023-02,98241
Région de Bruxelles-Capitale/Brussels Hoofdstedelijk Gewest,2023-03,162662
Région de Bruxelles-Capitale/Brussels Hoofdstedelijk Gewest,2023-04,97582
Région de Bruxelles-Capitale/Brussels Hoofdstedelijk Gewest,2023-05,46795
Région de Bruxelles-Capitale/Brussels Hoofdstedelijk Gewest,2023-06,95891
Région de Bruxelles-Capitale/Brussels Hoofdstedelijk Gewest,2023-07,165071
Région de Bruxelles-Capitale/Brussels Hoofdstedelijk Gewest,2023-08,0
Région de Bruxelles-Capitale/Brussels Hoofdstedelijk Gewest,2023-09,46716
Région de Bruxelles-Capitale/Brussels Hoofdstedelijk Gewest,2023-10,175533
Région de Bruxelles-Capitale/Brussels Hoofdstedelijk Gewest,2023-11,42066
Région de Bruxelles-Capitale/Brussels Hoofdstedelijk Gewest,2023-12,99452
Région de Bruxelles-Capitale/Brussels Hoofdstedelijk Gewest,2024-01,57260
Région de Bruxelles-Capitale/Brussels Hoofdstedelijk Gewest,2024-02,98371
Région de Bruxelles-Capitale/Brussels Hoofdstedelijk Gewest,2024-03,160660
Région de Bruxelles-Capitale/Brussels Hoofdstedelijk Gewest,2024-04,0
Région de Bruxelles-Capitale/Brussels Hoofdstedelijk Gewest,2024-05,131587
Région de Bruxelles-Capitale/Brussels Hoofdstedelijk Gewest,2024-06,0
Région de Bruxelles-Capitale/Brussels Hoofdstedelijk Gewest,2024-07,75298
Région de Bruxelles-Capitale/Brussels Hoofdstedelijk Gewest,2024-08,80584
Région de Bruxelles-Capitale/Brussels Hoofdstedelijk Gewest,2024-09,73607
Région de Bruxelles-Capitale/Brussels Hoofdstedelijk Gewest,2024-10,78900
Région de Bruxelles-Capitale/Brussels Hoofdstedelijk Gewest,2024-11,107155
Région de Bruxelles-Capitale/Brussels Hoofdstedelijk Gewest,2024-12,71726
Région de Bruxelles-Capitale/Brussels Hoofdstedelijk Gewest,2025-01,35715
Région de Bruxelles-Capitale/Brussels Hoofdstedelijk Gewest,2025-02,0
Région de Bruxelles-Capitale/Brussels Hoofdstedelijk Gewest,2025-03,128077
Région de Bruxelles-Capitale/Brussels Hoofdstedelijk Gewest,2025-04,0
Région de Bruxelles-Capitale/Brussels Hoofdstedelijk Gewest,2025-05,84304
Région de Bruxelles-Capitale/Brussels Hoofdstedelijk Gewest,2025-06,0
Région de Bruxelles-Capitale/Brussels Hoofdstedelijk Gewest,2025-07,73519
Région de Bruxelles-Capitale/Brussels Hoofdstedelijk Gewest,2025-08,116878
Région de Bruxelles-Capitale/Brussels Hoofdstedelijk Gewest,2025-09,0
Région de Bruxelles-Capitale/Brussels Hoofdstedelijk Gewest,2025-10,29197
Région de Bruxelles-Capitale/Brussels Hoofdstedelijk Gewest,2025-11,0
Région de Bruxelles-Capitale/Brussels Hoofdstedelijk Gewest,2025-12,95413
Région de Bruxelles-Capitale/Brussels Hoofdstedelijk Gewest,2020-01,103596
Région de Bruxelles-Capitale/Brussels Hoofdstedelijk Gewest,2020-02,77342
Région de Bruxelles-Capitale/Brussels Hoofdstedelijk Gewest,2020-03,67689
Région de Bruxelles-Capitale/Brussels Hoofdstedelijk Gewest,2020-04,107928
Région de Bruxelles-Capitale/Brussels Hoofdstedelijk Gewest,2020-05,101563
Région de Bruxelles-Capitale/Brussels Hoofdstedelijk Gewest,2020-06,62271
Région de Bruxelles-Capitale/Brussels Hoofdstedelijk Gewest,2020-07,86539
Région de Bruxelles-Capitale/Brussels Hoofdstedelijk Gewest,2020-08,94975
Région de Bruxelles-Capitale/Brussels Hoofdstedelijk Gewest,2020-09,85849
Région de Bruxelles-Capitale/Brussels Hoofdstedelijk Gewest,2020-10,92326
Région de Bruxelles-Capitale/Brussels Hoofdstedelijk Gewest,2020-11,90823
Région de Bruxelles-Capitale/Brussels Hoofdstedelijk Gewest,2020-12,95885
Région de Bruxelles-Capitale/Brussels Hoofdstedelijk Gewest,2021-01,64306
Région de Bruxelles-Capitale/Brussels Hoofdstedelijk Gewest,2021-02,74936
Région de Bruxelles-Capitale/Brussels Hoofdstedelijk Gewest,2021-03,65260
Région de Bruxelles-Capitale/Brussels Hoofdstedelijk Gewest,2021-04,81313
Région de Bruxelles-Capitale/Brussels Hoofdstedelijk Gewest,2021-05,85763
Région de Bruxelles-Capitale/Brussels Hoofdstedelijk Gewest,2021-06,97377
Région de Bruxelles-Capitale/Brussels Hoofdstedelijk Gewest,2021-07,29530
Région de Bruxelles-Capitale/Brussels Hoofdstedelijk Gewest,2021-08,26872
Région de Bruxelles-Capitale/Brussels Hoofdstedelijk Gewest,2021-09,74165
Région de Bruxelles-Capitale/Brussels Hoofdstedelijk Gewest,2021-10,76663
Région de Bruxelles-Capitale/Brussels Hoofdstedelijk Gewest,2021-11,69900
Région de Bruxelles-Capitale/Brussels Hoofdstedelijk Gewest,2021-12,76760
Région de Bruxelles-Capitale/Brussels Hoofdstedelijk Gewest,2022-01,106418
Région de Bruxelles-Capitale/Brussels Hoofdstedelijk Gewest,2022-02,119626
Région de Bruxelles-Capitale/Brussels Hoofdstedelijk Gewest,2022-03,140970
Région de Bruxelles-Capitale/Brussels Hoofdstedelijk Gewest,2022-04,117136
Région de Bruxelles-Capitale/Brussels Hoofdstedelijk Gewest,2022-05,118750
Région de Bruxelles-Capitale/Brussels Hoofdstedelijk Gewest,2022-06,34745
Région de Bruxelles-Capitale/Brussels Hoofdstedelijk Gewest,2022-07,40143
Région de Bruxelles-Capitale/Brussels Hoofdstedelijk Gewest,2022-08,91183
Région de Bruxelles-Capitale/Brussels Hoofdstedelijk Gewest,2022-09,43689
Région de Bruxelles-Capitale/Brussels Hoofdstedelijk Gewest,2022-10,100920
Région de Bruxelles-Capitale/Brussels Hoofdstedelijk Gewest,2022-11,50544
Région de Bruxelles-Capitale/Brussels Hoofdstedelijk Gewest,2022-12,93425
Région de Bruxelles-Capitale/Brussels Hoofdstedelijk Gewest,2023-01,98639
Région de Bruxelles-Capitale/Brussels Hoofdstedelijk Gewest,2023-02,98241
Région de Bruxelles-Capitale/Brussels Hoofdstedelijk Gewest,2023-03,162662
Région de Bruxelles-Capitale/Brussels Hoofdstedelijk Gewest,2023-04,97582
Région de Bruxelles-Capitale/Brussels Hoofdstedelijk Gewest,2023-05,158239
Région de Bruxelles-Capitale/Brussels Hoofdstedelijk Gewest,2023-06,95891
Région de Bruxelles-Capitale/Brussels Hoofdstedelijk Gewest,2023-07,165071
Région de Bruxelles-Capitale/Brussels Hoofdstedelijk Gewest,2023-08,0
Région de Bruxelles-Capitale/Brussels Hoofdstedelijk Gewest,2023-09,46716
Région de Bruxelles-Capitale/Brussels Hoofdstedelijk Gewest,2023-10,175533
Région de Bruxelles-Capitale/Brussels Hoofdstedelijk Gewest,2023-11,133270
Région de Bruxelles-Capitale/Brussels Hoofdstedelijk Gewest,2023-12,99452
Région de Bruxelles-Capitale/Brussels Hoofdstedelijk Gewest,2024-01,200786
Région de Bruxelles-Capitale/Brussels Hoofdstedelijk Gewest,2024-02,98371
Région de Bruxelles-Capitale/Brussels Hoofdstedelijk Gewest,2024-03,160660
Région de Bruxelles-Capitale/Brussels Hoofdstedelijk Gewest,2024-04,0
Région de Bruxelles-Capitale/Brussels Hoofdstedelijk Gewest,2024-05,131587
Région de Bruxelles-Capitale/Brussels Hoofdstedelijk Gewest,2024-06,0
Région de Bruxelles-Capitale/Brussels Hoofdstedelijk Gewest,2024-07,75298
Région de Bruxelles-Capitale/Brussels Hoofdstedelijk Gewest,2024-08,115701
Région de Bruxelles-Capitale/Brussels Hoofdstedelijk Gewest,2024-09,73607
Région de Bruxelles-Capitale/Brussels Hoofdstedelijk Gewest,2024-10,114691
Région de Bruxelles-Capitale/Brussels Hoofdstedelijk Gewest,2024-11,107155
Région de Bruxelles-Capitale/Brussels Hoofdstedelijk Gewest,2024-12,104876
Région de Bruxelles-Capitale/Brussels Hoofdstedelijk Gewest,2025-01,35715
Région de Bruxelles-Capitale/Brussels Hoofdstedelijk Gewest,2025-02,77529
Région de Bruxelles-Capitale/Brussels Hoofdstedelijk Gewest,2025-03,128077
Région de Bruxelles-Capitale/Brussels Hoofdstedelijk Gewest,2025-04,78885
Région de Bruxelles-Capitale/Brussels Hoofdstedelijk Gewest,2025-05,84304
Région de Bruxelles-Capitale/Brussels Hoofdstedelijk Gewest,2025-06,78704
Région de Bruxelles-Capitale/Brussels Hoofdstedelijk Gewest,2025-07,73519
Région de Bruxelles-Capitale/Brussels Hoofdstedelijk Gewest,2025-08,116878
Région de Bruxelles-Capitale/Brussels Hoofdstedelijk Gewest,2025-09,137039
Région de Bruxelles-Capitale/Brussels Hoofdstedelijk Gewest,2025-10,29197
Région de Bruxelles-Capitale/Brussels Hoofdstedelijk Gewest,2025-11,29396
Région de Bruxelles-Capitale/Brussels Hoofdstedelijk Gewest,2025-12,95413
Région de Bruxelles-Capitale/Brussels Hoofdstedelijk Gewest,2020-01,103596
Région de Bruxelles-Capitale/Brussels Hoofdstedelijk Gewest,2020-02,104126
Région de Bruxelles-Capitale/Brussels Hoofdstedelijk Gewest,2020-03,89488
Région de Bruxelles-Capitale/Brussels Hoofdstedelijk Gewest,2020-04,107928
Région de Bruxelles-Capitale/Brussels Hoofdstedelijk Gewest,2020-05,101563
Région de Bruxelles-Capitale/Brussels Hoofdstedelijk Gewest,2020-06,83951
Région de Bruxelles-Capitale/Brussels Hoofdstedelijk Gewest,2020-07,86539
Région de Bruxelles-Capitale/Brussels Hoofdstedelijk Gewest,2020-08,94975
Région de Bruxelles-Capitale/Brussels Hoofdstedelijk Gewest,2020-09,85849
Région de Bruxelles-Capitale/Brussels Hoofdstedelijk Gewest,2020-10,92326
Région de Bruxelles-Capitale/Brussels Hoofdstedelijk Gewest,2020-11,90823
Région de Bruxelles-Capitale/Brussels Hoofdstedelijk Gewest,2020-12,95885
Région de Bruxelles-Capitale/Brussels Hoofdstedelijk Gewest,2021-01,86824
Région de Bruxelles-Capitale/Brussels Hoofdstedelijk Gewest,2021-02,74936
Région de Bruxelles-Capitale/Brussels Hoofdstedelijk Gewest,2021-03,87232
Région de Bruxelles-Capitale/Brussels Hoofdstedelijk Gewest,2021-04,81313
Région de Bruxelles-Capitale/Brussels Hoofdstedelijk Gewest,2021-05,85763
Région de Bruxelles-Capitale/Brussels Hoofdstedelijk Gewest,2021-06,97377
Région de Bruxelles-Capitale/Brussels Hoofdstedelijk Gewest,2021-07,102153
Région de Bruxelles-Capitale/Brussels Hoofdstedelijk Gewest,2021-08,26872
Région de Bruxelles-Capitale/Brussels Hoofdstedelijk Gewest,2021-09,74165
Région de Bruxelles-Capitale/Brussels Hoofdstedelijk Gewest,2021-10,76663
Région de Bruxelles-Capitale/Brussels Hoofdstedelijk Gewest,2021-11,69900
Région de Bruxelles-Capitale/Brussels Hoofdstedelijk Gewest,2021-12,76760
Région de Bruxelles-Capitale/Brussels Hoofdstedelijk Gewest,2022-01,106418
Région de Bruxelles-Capitale/Brussels Hoofdstedelijk Gewest,2022-02,119626
Région de Bruxelles-Capitale/Brussels Hoofdstedelijk Gewest,2022-03,140970
Région de Bruxelles-Capitale/Brussels Hoofdstedelijk Gewest,2022-04,117136
Région de Bruxelles-Capitale/Brussels Hoofdstedelijk Gewest,2022-05,118750
Région de Bruxelles-Capitale/Brussels Hoofdstedelijk Gewest,2022-06,114926
Région de Bruxelles-Capitale/Brussels Hoofdstedelijk Gewest,2022-07,40143
Région de Bruxelles-Capitale/Brussels Hoofdstedelijk Gewest,2022-08,133947
Région de Bruxelles-Capitale/Brussels Hoofdstedelijk Gewest,2022-09,43689
Région de Bruxelles-Capitale/Brussels Hoofdstedelijk Gewest,2022-10,145286
Région de Bruxelles-Capitale/Brussels Hoofdstedelijk Gewest,2022-11,50544
Région de Bruxelles-Capitale/Brussels Hoofdstedelijk Gewest,2022-12,131422
Région de Bruxelles-Capitale/Brussels Hoofdstedelijk Gewest,2023-01,98639
Région de Bruxelles-Capitale/Brussels Hoofdstedelijk Gewest,2023-02,134879
Région de Bruxelles-Capitale/Brussels Hoofdstedelijk Gewest,2023-03,162662
Région de Bruxelles-Capitale/Brussels Hoofdstedelijk Gewest,2023-04,138510
Région de Bruxelles-Capitale/Brussels Hoofdstedelijk Gewest,2023-05,158239
Région de Bruxelles-Capitale/Brussels Hoofdstedelijk Gewest,2023-06,142989
Région de Bruxelles-Capitale/Brussels Hoofdstedelijk Gewest,2023-07,165071
Région de Bruxelles-Capitale/Brussels Hoofdstedelijk Gewest,2023-08,48963
Région de Bruxelles-Capitale/Brussels Hoofdstedelijk Gewest,2023-09,46716
Région de Bruxelles-Capitale/Brussels Hoofdstedelijk Gewest,2023-10,175533
Région de Bruxelles-Capitale/Brussels Hoofdstedelijk Gewest,2023-11,133270
Région de Bruxelles-Capitale/Brussels Hoofdstedelijk Gewest,2023-12,99452
Région de Bruxelles-Capitale/Brussels Hoofdstedelijk Gewest,2024-01,200786
Région de Bruxelles-Capitale/Brussels Hoofdstedelijk Gewest,2024-02,98371
Région de Bruxelles-Capitale/Brussels Hoofdstedelijk Gewest,2024-03,160660
Région de Bruxelles-Capitale/Brussels Hoofdstedelijk Gewest,2024-04,42649
Région de Bruxelles-Capitale/Brussels Hoofdstedelijk Gewest,2024-05,131587
Région de Bruxelles-Capitale/Brussels Hoofdstedelijk Gewest,2024-06,37915
Région de Bruxelles-Capitale/Brussels Hoofdstedelijk Gewest,2024-07,75298
Région de Bruxelles-Capitale/Brussels Hoofdstedelijk Gewest,2024-08,115701
Région de Bruxelles-Capitale/Brussels Hoofdstedelijk Gewest,2024-09,73607
Région de Bruxelles-Capitale/Brussels Hoofdstedelijk Gewest,2024-10,114691
Région de Bruxelles-Capitale/Brussels Hoofdstedelijk Gewest,2024-11,107155
Région de Bruxelles-Capitale/Brussels Hoofdstedelijk Gewest,2024-12,104876
Région de Bruxelles-Capitale/Brussels Hoofdstedelijk Gewest,2025-01,109334
Région de Bruxelles-Capitale/Brussels Hoofdstedelijk Gewest,2025-02,111646
Région de Bruxelles-Capitale/Brussels Hoofdstedelijk Gewest,2025-03,128077
Région de Bruxelles-Capitale/Brussels Hoofdstedelijk Gewest,2025-04,78885
Région de Bruxelles-Capitale/Brussels Hoofdstedelijk Gewest,2025-05,84304
Région de Bruxelles-Capitale/Brussels Hoofdstedelijk Gewest,2025-06,78704
Région de Bruxelles-Capitale/Brussels Hoofdstedelijk Gewest,2025-07,73519
Région de Bruxelles-Capitale/Brussels Hoofdstedelijk Gewest,2025-08,116878
Région de Bruxelles-Capitale/Brussels Hoofdstedelijk Gewest,2025-09,137039
Région de Bruxelles-Capitale/Brussels Hoofdstedelijk Gewest,2025-10,103155
Région de Bruxelles-Capitale/Brussels Hoofdstedelijk Gewest,2025-11,29396
Région de Bruxelles-Capitale/Brussels Hoofdstedelijk Gewest,2025-12,95413
Vlaams Gewest,2020-01,25542
Vlaams Gewest,2020-02,26784
Vlaams Gewest,2020-03,21817
Vlaams Gewest,2020-04,23981
Vlaams Gewest,2020-05,23739
Vlaams Gewest,2020-06,22328
Vlaams Gewest,2020-07,21286
Vlaams Gewest,2020-08,22132
Vlaams Gewest,2020-09,22158
Vlaams Gewest,2020-10,25688
Vlaams Gewest,2020-11,23714
Vlaams Gewest,2020-12,25162
Vlaams Gewest,2021-01,23108
Vlaams Gewest,2021-02,19026
Vlaams Gewest,2021-03,22558
Vlaams Gewest,2021-04,21179
Vlaams Gewest,2021-05,23113
Vlaams Gewest,2021-06,27372
Vlaams Gewest,2021-07,29530
Vlaams Gewest,2021-08,26886
Vlaams Gewest,2021-09,0
Vlaams Gewest,2021-10,26794
Vlaams Gewest,2021-11,0
Vlaams Gewest,2021-12,24884
Vlaams Gewest,2022-01,27484
Vlaams Gewest,2022-02,29469
Vlaams Gewest,2022-03,37926
Vlaams Gewest,2022-04,32697
Vlaams Gewest,2022-05,32721
Vlaams Gewest,2022-06,35510
Vlaams Gewest,2022-07,40143
Vlaams Gewest,2022-08,42764
Vlaams Gewest,2022-09,43705
Vlaams Gewest,2022-10,44366
Vlaams Gewest,2022-11,50566
Vlaams Gewest,2022-12,37997
Vlaams Gewest,2023-01,36273
Vlaams Gewest,2023-02,36638
Vlaams Gewest,2023-03,45295
Vlaams Gewest,2023-04,40928
Vlaams Gewest,2023-05,47450
Vlaams Gewest,2023-06,47098
Vlaams Gewest,2023-07,52900
Vlaams Gewest,2023-08,48970
Vlaams Gewest,2023-09,46716
Vlaams Gewest,2023-10,51441
Vlaams Gewest,2023-11,42066
Vlaams Gewest,2023-12,42190
Vlaams Gewest,2024-01,57260
Vlaams Gewest,2024-02,806
Vlaams Gewest,2024-03,44690
Vlaams Gewest,2024-04,42649
Vlaams Gewest,2024-05,39981
Vlaams Gewest,2024-06,38782
Vlaams Gewest,2024-07,39454
Vlaams Gewest,2024-08,35117
Vlaams Gewest,2024-09,753
Vlaams Gewest,2024-10,35791
Vlaams Gewest,2024-11,32842
Vlaams Gewest,2024-12,33155
Vlaams Gewest,2025-01,35715
Vlaams Gewest,2025-02,34128
Vlaams Gewest,2025-03,41989
Vlaams Gewest,2025-04,40846
Vlaams Gewest,2025-05,0
Vlaams Gewest,2025-06,993
Vlaams Gewest,2025-07,0
Vlaams Gewest,2025-08,33649
Vlaams Gewest,2025-09,34420
Vlaams Gewest,2025-10,29197
Vlaams Gewest,2025-11,30437
Vlaams Gewest,2025-12,0
Prov. Antwerpen,2020-01,0
Prov. Antwerpen,2020-02,0
Prov. Antwerpen,2020-03,0
Prov. Antwerpen,2020-04,0
Prov. Antwerpen,2020-05,0
Prov. Antwerpen,2020-06,0
Prov. Antwerpen,2020-07,0
Prov. Antwerpen,2020-08,0
Prov. Antwerpen,2020-09,0
Prov. Antwerpen,2020-10,0
Prov. Antwerpen,2020-11,0
Prov. Antwerpen,2020-12,0
Prov. Antwerpen,2021-01,0
Prov. Antwerpen,2021-02,0
Prov. Antwerpen,2021-03,0
Prov. Antwerpen,2021-04,0
Prov. Antwerpen,2021-05,0
Prov. Antwerpen,2021-06,0
Prov. Antwerpen,2021-07,0
Prov. Antwerpen,2021-08,0
Prov. Antwerpen,2021-09,0
Prov. Antwerpen,2021-10,0
Prov. Antwerpen,2021-11,0
Prov. Antwerpen,2021-12,0
Prov. Antwerpen,2022-01,0
Prov. Antwerpen,2022-02,0
Prov. Antwerpen,2022-03,0
Prov. Antwerpen,2022-04,0
Prov. Antwerpen,2022-05,0
Prov. Antwerpen,2022-06,0
Prov. Antwerpen,2022-07,0
Prov. Antwerpen,2022-08,0
Prov. Antwerpen,2022-09,0
Prov. Antwerpen,2022-10,0
Prov. Antwerpen,2022-11,0
Prov. Antwerpen,2022-12,0
Prov. Antwerpen,2023-01,0
Prov. Antwerpen,2023-02,0
Prov. Antwerpen,2023-03,0
Prov. Antwerpen,2023-04,0
Prov. Antwerpen,2023-05,0
Prov. Antwerpen,2023-06,0
Prov. Antwerpen,2023-07,0
Prov. Antwerpen,2023-08,0
Prov. Antwerpen,2023-09,0
Prov. Antwerpen,2023-10,0
Prov. Antwerpen,2023-11,0
Prov. Antwerpen,2023-12,0
Prov. Antwerpen,2024-01,0
Prov. Antwerpen,2024-02,0
Prov. Antwerpen,2024-03,0
Prov. Antwerpen,2024-04,0
Prov. Antwerpen,2024-05,0
Prov. Antwerpen,2024-06,0
Prov. Antwerpen,2024-07,0
Prov. Antwerpen,2024-08,0
Prov. Antwerpen,2024-09,0
Prov. Antwerpen,2024-10,0
Prov. Antwerpen,2024-11,0
Prov. Antwerpen,2024-12,0
Prov. Antwerpen,2025-01,0
Prov. Antwerpen,2025-02,0
Prov. Antwerpen,2025-03,0
Prov. Antwerpen,2025-04,0
Prov. Antwerpen,2025-05,0
Prov. Antwerpen,2025-06,0
Prov. Antwerpen,2025-07,0
Prov. Antwerpen,2025-08,0
Prov. Antwerpen,2025-09,0
Prov. Antwerpen,2025-10,0
Prov. Antwerpen,2025-11,0
Prov. Antwerpen,2025-12,0
Arr. Antwerpen,2020-01,0
Arr. Antwerpen,2020-02,0
Arr. Antwerpen,2020-03,0
Arr. Antwerpen,2020-04,0
Arr. Antwerpen,2020-05,0
Arr. Antwerpen,2020-06,0
Arr. Antwerpen,2020-07,0
Arr. Antwerpen,2020-08,0
Arr. Antwerpen,2020-09,0
Arr. Antwerpen,2020-10,0
Arr. Antwerpen,2020-11,0
Arr. Antwerpen,2020-12,0
Arr. Antwerpen,2021-01,0
Arr. Antwerpen,2021-02,0
Arr. Antwerpen,2021-03,0
Arr. Antwerpen,2021-04,0
Arr. Antwerpen,2021-05,0
Arr. Antwerpen,2021-06,0
Arr. Antwerpen,2021-07,0
Arr. Antwerpen,2021-08,0
Arr. Antwerpen,2021-09,0
Arr. Antwerpen,2021-10,0
Arr. Antwerpen,2021-11,0
Arr. Antwerpen,2021-12,0
Arr. Antwerpen,2022-01,0
Arr. Antwerpen,2022-02,0
Arr. Antwerpen,2022-03,0
Arr. Antwerpen,2022-04,0
Arr. Antwerpen,2022-05,0
Arr. Antwerpen,2022-06,0
Arr. Antwerpen,2022-07,0
Arr. Antwerpen,2022-08,0
Arr. Antwerpen,2022-09,0
Arr. Antwerpen,2022-10,0
Arr. Antwerpen,2022-11,0
Arr. Antwerpen,2022-12,0
Arr. Antwerpen,2023-01,0
Arr. Antwerpen,2023-02,0
Arr. Antwerpen,2023-03,0
Arr. Antwerpen,2023-04,0
Arr. Antwerpen,2023-05,0
Arr. Antwerpen,2023-06,0
Arr. Antwerpen,2023-07,0
Arr. Antwerpen,2023-08,0
Arr. Antwerpen,2023-09,0
Arr. Antwerpen,2023-10,0
Arr. Antwerpen,2023-11,0
Arr. Antwerpen,2023-12,0
Arr. Antwerpen,2024-01,0
Arr. Antwerpen,2024-02,0
Arr. Antwerpen,2024-03,0
Arr. Antwerpen,2024-04,0
Arr. Antwerpen,2024-05,0
Arr. Antwerpen,2024-06,0
Arr. Antwerpen,2024-07,0
Arr. Antwerpen,2024-08,0
Arr. Antwerpen,2024-09,0
Arr. Antwerpen,2024-10,0
Arr. Antwerpen,2024-11,0
Arr. Antwerpen,2024-12,0
Arr. Antwerpen,2025-01,0
Arr. Antwerpen,2025-02,0
Arr. Antwerpen,2025-03,0
Arr. Antwerpen,2025-04,0
Arr. Antwerpen,2025-05,0
Arr. Antwerpen,2025-06,0
Arr. Antwerpen,2025-07,0
Arr. Antwerpen,2025-08,0
Arr. Antwerpen,2025-09,0
Arr. Antwerpen,2025-10,0
Arr. Antwerpen,2025-11,0
Arr. Antwerpen,2025-12,0
Arr. Mechelen,2020-01,8194
Arr. Mechelen,2020-02,0
Arr. Mechelen,2020-03,0
Arr. Mechelen,2020-04,0
Arr. Mechelen,2020-05,0
Arr. Mechelen,2020-06,9953
Arr. Mechelen,2020-07,7729
Arr. Mechelen,2020-08,0
Arr. Mechelen,2020-09,0
Arr. Mechelen,2020-10,0
Arr. Mechelen,2020-11,0
Arr. Mechelen,2020-12,8435
Arr. Mechelen,2021-01,0
Arr. Mechelen,2021-02,0
Arr. Mechelen,2021-03,8006
Arr. Mechelen,2021-04,0
Arr. Mechelen,2021-05,0
Arr. Mechelen,2021-06,0
Arr. Mechelen,2021-07,0
Arr. Mechelen,2021-08,0
Arr. Mechelen,2021-09,0
Arr. Mechelen,2021-10,8226
Arr. Mechelen,2021-11,0
Arr. Mechelen,2021-12,0
Arr. Mechelen,2022-01,0
Arr. Mechelen,2022-02,0
Arr. Mechelen,2022-03,0
Arr. Mechelen,2022-04,0
Arr. Mechelen,2022-05,0
Arr. Mechelen,2022-06,8079
Arr. Mechelen,2022-07,9589
Arr. Mechelen,2022-08,0
Arr. Mechelen,2022-09,0
Arr. Mechelen,2022-10,0
Arr. Mechelen,2022-11,0
Arr. Mechelen,2022-12,0
Arr. Mechelen,2023-01,0
Arr. Mechelen,2023-02,0
Arr. Mechelen,2023-03,10568
Arr. Mechelen,2023-04,0
Arr. Mechelen,2023-05,0
Arr. Mechelen,2023-06,0
Arr. Mechelen,2023-07,9521
Arr. Mechelen,2023-08,0
Arr. Mechelen,2023-09,9278
Arr. Mechelen,2023-10,0
Arr. Mechelen,2023-11,9400
Arr. Mechelen,2023-12,0
Arr. Mechelen,2024-01,11942
Arr. Mechelen,2024-02,0
Arr. Mechelen,2024-03,10117
Arr. Mechelen,2024-04,0
Arr. Mechelen,2024-05,9428
Arr. Mechelen,2024-06,0
Arr. Mechelen,2024-07,8162
Arr. Mechelen,2024-08,0
Arr. Mechelen,2024-09,8424
Arr. Mechelen,2024-10,0
Arr. Mechelen,2024-11,7721
Arr. Mechelen,2024-12,0
Arr. Mechelen,2025-01,0
Arr. Mechelen,2025-02,0
Arr. Mechelen,2025-03,0
Arr. Mechelen,2025-04,8497
Arr. Mechelen,2025-05,0
Arr. Mechelen,2025-06,8689
Arr. Mechelen,2025-07,0
Arr. Mechelen,2025-08,8870
Arr. Mechelen,2025-09,0
Arr. Mechelen,2025-10,8621
Arr. Mechelen,2025-11,0
Arr. Mechelen,2025-12,16222
Arr. Turnhout,2020-01,0
Arr. Turnhout,2020-02,0
Arr. Turnhout,2020-03,0
Arr. Turnhout,2020-04,0
Arr. Turnhout,2020-05,0
Arr. Turnhout,2020-06,0
Arr. Turnhout,2020-07,0
Arr. Turnhout,2020-08,0
Arr. Turnhout,2020-09,0
Arr. Turnhout,2020-10,0
Arr. Turnhout,2020-11,0
Arr. Turnhout,2020-12,0
Arr. Turnhout,2021-01,0
Arr. Turnhout,2021-02,0
Arr. Turnhout,2021-03,0
Arr. Turnhout,2021-04,0
Arr. Turnhout,2021-05,0
Arr. Turnhout,2021-06,0
Arr. Turnhout,2021-07,0
Arr. Turnhout,2021-08,0
Arr. Turnhout,2021-09,0
Arr. Turnhout,2021-10,0
Arr. Turnhout,2021-11,0
Arr. Turnhout,2021-12,0
Arr. Turnhout,2022-01,32058
Arr. Turnhout,2022-02,0
Arr. Turnhout,2022-03,0
Arr. Turnhout,2022-04,0
Arr. Turnhout,2022-05,0
Arr. Turnhout,2022-06,0
Arr. Turnhout,2022-07,0
Arr. Turnhout,2022-08,0
Arr. Turnhout,2022-09,0
Arr. Turnhout,2022-10,0
Arr. Turnhout,2022-11,0
Arr. Turnhout,2022-12,0
Arr. Turnhout,2023-01,0
Arr. Turnhout,2023-02,0
Arr. Turnhout,2023-03,41650
Arr. Turnhout,2023-04,0
Arr. Turnhout,2023-05,35169
Arr. Turnhout,2023-06,0
Arr. Turnhout,2023-07,15030
Arr. Turnhout,2023-08,0
Arr. Turnhout,2023-09,9785
Arr. Turnhout,2023-10,0
Arr. Turnhout,2023-11,11144
Arr. Turnhout,2023-12,0
Arr. Turnhout,2024-01,0
Arr. Turnhout,2024-02,0
Arr. Turnhout,2024-03,6708
Arr. Turnhout,2024-04,0
Arr. Turnhout,2024-05,4575
Arr. Turnhout,2024-06,0
Arr. Turnhout,2024-07,0
Arr. Turnhout,2024-08,0
Arr. Turnhout,2024-09,0
Arr. Turnhout,2024-10,0
Arr. Turnhout,2024-11,0
Arr. Turnhout,2024-12,0
Arr. Turnhout,2025-01,0
Arr. Turnhout,2025-02,0
Arr. Turnhout,2025-03,0
Arr. Turnhout,2025-04,0
Arr. Turnhout,2025-05,0
Arr. Turnhout,2025-06,0
Arr. Turnhout,2025-07,0
Arr. Turnhout,2025-08,0
Arr. Turnhout,2025-09,0
Arr. Turnhout,2025-10,0
Arr. Turnhout,2025-11,0
Arr. Turnhout,2025-12,0
Arr. Tongeren,2020-01,0
Arr. Tongeren,2020-02,0
Arr. Tongeren,2020-03,0
Arr. Tongeren,2020-04,0
Arr. Tongeren,2020-05,0
Arr. Tongeren,2020-06,0
Arr. Tongeren,2020-07,0
Arr. Tongeren,2020-08,0
Arr. Tongeren,2020-09,0
Arr. Tongeren,2020-10,0
Arr. Tongeren,2020-11,0
Arr. Tongeren,2020-12,0
Arr. Tongeren,2021-01,0
Arr. Tongeren,2021-02,0
Arr. Tongeren,2021-03,0
Arr. Tongeren,2021-04,0
Arr. Tongeren,2021-05,0
Arr. Tongeren,2021-06,0
Arr. Tongeren,2021-07,0
Arr. Tongeren,2021-08,0
Arr. Tongeren,2021-09,0
Arr. Tongeren,2021-10,0
Arr. Tongeren,2021-11,0
Arr. Tongeren,2021-12,0
Arr. Tongeren,2022-01,0
Arr. Tongeren,2022-02,0
Arr. Tongeren,2022-03,0
Arr. Tongeren,2022-04,0
Arr. Tongeren,2022-05,0
Arr. Tongeren,2022-06,0
Arr. Tongeren,2022-07,0
Arr. Tongeren,2022-08,0
Arr. Tongeren,2022-09,0
Arr. Tongeren,2022-10,0
Arr. Tongeren,2022-11,0
Arr. Tongeren,2022-12,0
Arr. Tongeren,2023-01,0
Arr. Tongeren,2023-02,0
Arr. Tongeren,2023-03,0
Arr. Tongeren,2023-04,0
Arr. Tongeren,2023-05,0
Arr. Tongeren,2023-06,0
Arr. Tongeren,2023-07,0
Arr. Tongeren,2023-08,0
Arr. Tongeren,2023-09,0
Arr. Tongeren,2023-10,0
Arr. Tongeren,2023-11,0
Arr. Tongeren,2023-12,0
Arr. Tongeren,2024-01,0
Arr. Tongeren,2024-02,0
Arr. Tongeren,2024-03,0
Arr. Tongeren,2024-04,0
Arr. Tongeren,2024-05,0
Arr. Tongeren,2024-06,0
Arr. Tongeren,2024-07,0
Arr. Tongeren,2024-08,0
Arr. Tongeren,2024-09,0
Arr. Tongeren,2024-10,0
Arr. Tongeren,2024-11,0
Arr. Tongeren,2024-12,0
Arr. Tongeren,2025-01,0
Arr. Tongeren,2025-02,0
Arr. Tongeren,2025-03,0
Arr. Tongeren,2025-04,0
Arr. Tongeren,2025-05,0
Arr. Tongeren,2025-06,0
Arr. Tongeren,2025-07,0
Arr. Tongeren,2025-08,0
Arr. Tongeren,2025-09,0
Arr. Tongeren,2025-10,0
Arr. Tongeren,2025-11,0
Arr. Tongeren,2025-12,0
Arr. Hasselt,2020-01,0
Arr. Hasselt,2020-02,0
Arr. Hasselt,2020-03,0
Arr. Hasselt,2020-04,0
Arr. Hasselt,2020-05,0
Arr. Hasselt,2020-06,0
Arr. Hasselt,2020-07,0
Arr. Hasselt,2020-08,0
Arr. Hasselt,2020-09,0
Arr. Hasselt,2020-10,0
Arr. Hasselt,2020-11,0
Arr. Hasselt,2020-12,0
Arr. Hasselt,2021-01,0
Arr. Hasselt,2021-02,0
Arr. Hasselt,2021-03,0
Arr. Hasselt,2021-04,0
Arr. Hasselt,2021-05,0
Arr. Hasselt,2021-06,0
Arr. Hasselt,2021-07,0
Arr. Hasselt,2021-08,0
Arr. Hasselt,2021-09,0
Arr. Hasselt,2021-10,0
Arr. Hasselt,2021-11,0
Arr. Hasselt,2021-12,0
Arr. Hasselt,2022-01,0
Arr. Hasselt,2022-02,0
Arr. Hasselt,2022-03,0
Arr. Hasselt,2022-04,0
Arr. Hasselt,2022-05,0
Arr. Hasselt,2022-06,0
Arr. Hasselt,2022-07,0
Arr. Hasselt,2022-08,0
Arr. Hasselt,2022-09,0
Arr. Hasselt,2022-10,0
Arr. Hasselt,2022-11,0
Arr. Hasselt,2022-12,0
Arr. Hasselt,2023-01,0
Arr. Hasselt,2023-02,0
Arr. Hasselt,2023-03,0
Arr. Hasselt,2023-04,0
Arr. Hasselt,2023-05,0
Arr. Hasselt,2023-06,0
Arr. Hasselt,2023-07,0
Arr. Hasselt,2023-08,0
Arr. Hasselt,2023-09,0
Arr. Hasselt,2023-10,0
Arr. Hasselt,2023-11,0
Arr. Hasselt,2023-12,0
Arr. Hasselt,2024-01,0
Arr. Hasselt,2024-02,0
Arr. Hasselt,2024-03,0
Arr. Hasselt,2024-04,0
Arr. Hasselt,2024-05,0
Arr. Hasselt,2024-06,0
Arr. Hasselt,2024-07,0
Arr. Hasselt,2024-08,0
Arr. Hasselt,2024-09,0
Arr. Hasselt,2024-10,0
Arr. Hasselt,2024-11,0
Arr. Hasselt,2024-12,0
Arr. Hasselt,2025-01,0
Arr. Hasselt,2025-02,0
Arr. Hasselt,2025-03,0
Arr. Hasselt,2025-04,0
Arr. Hasselt,2025-05,0
Arr. Hasselt,2025-06,0
Arr. Hasselt,2025-07,0
Arr. Hasselt,2025-08,0
Arr. Hasselt,2025-09,0
Arr. Hasselt,2025-10,0
Arr. Hasselt,2025-11,0
Arr. Hasselt,2025-12,0
Arr. Maaseik,2020-01,0
Arr. Maaseik,2020-02,0
Arr. Maaseik,2020-03,0
Arr. Maaseik,2020-04,0
Arr. Maaseik,2020-05,0
Arr. Maaseik,2020-06,0
Arr. Maaseik,2020-07,0
Arr. Maaseik,2020-08,0
Arr. Maaseik,2020-09,0
Arr. Maaseik,2020-10,0
Arr. Maaseik,2020-11,0
Arr. Maaseik,2020-12,0
Arr. Maaseik,2021-01,0
Arr. Maaseik,2021-02,0
Arr. Maaseik,2021-03,0
Arr. Maaseik,2021-04,0
Arr. Maaseik,2021-05,0
Arr. Maaseik,2021-06,0
Arr. Maaseik,2021-07,0
Arr. Maaseik,2021-08,0
Arr. Maaseik,2021-09,0
Arr. Maaseik,2021-10,0
Arr. Maaseik,2021-11,0
Arr. Maaseik,2021-12,0
Arr. Maaseik,2022-01,0
Arr. Maaseik,2022-02,0
Arr. Maaseik,2022-03,0
Arr. Maaseik,2022-04,0
Arr. Maaseik,2022-05,0
Arr. Maaseik,2022-06,0
Arr. Maaseik,2022-07,0
Arr. Maaseik,2022-08,0
Arr. Maaseik,2022-09,0
Arr. Maaseik,2022-10,0
Arr. Maaseik,2022-11,0
Arr. Maaseik,2022-12,0
Arr. Maaseik,2023-01,0
Arr. Maaseik,2023-02,0
Arr. Maaseik,2023-03,0
Arr. Maaseik,2023-04,0
Arr. Maaseik,2023-05,0
Arr. Maaseik,2023-06,0
Arr. Maaseik,2023-07,0
Arr. Maaseik,2023-08,0
Arr. Maaseik,2023-09,0
Arr. Maaseik,2023-10,0
Arr. Maaseik,2023-11,0
Arr. Maaseik,2023-12,0
Arr. Maaseik,2024-01,0
Arr. Maaseik,2024-02,0
Arr. Maaseik,2024-03,0
Arr. Maaseik,2024-04,0
Arr. Maaseik,2024-05,0
Arr. Maaseik,2024-06,0
Arr. Maaseik,2024-07,0
Arr. Maaseik,2024-08,0
Arr. Maaseik,2024-09,0
Arr. Maaseik,2024-10,0
Arr. Maaseik,2024-11,0
Arr. Maaseik,2024-12,0
Arr. Maaseik,2025-01,0
Arr. Maaseik,2025-02,0
Arr. Maaseik,2025-03,0
Arr. Maaseik,2025-04,0
Arr. Maaseik,2025-05,0
Arr. Maaseik,2025-06,0
Arr. Maaseik,2025-07,0
Arr. Maaseik,2025-08,0
Arr. Maaseik,2025-09,0
Arr. Maaseik,2025-10,0
Arr. Maaseik,2025-11,0
Arr. Maaseik,2025-12,0
Prov. Oost-Vlaanderen,2020-01,0
Prov. Oost-Vlaanderen,2020-02,0
Prov. Oost-Vlaanderen,2020-03,0
Prov. Oost-Vlaanderen,2020-04,0
Prov. Oost-Vlaanderen,2020-05,0
Prov. Oost-Vlaanderen,2020-06,0
Prov. Oost-Vlaanderen,2020-07,0
Prov. Oost-Vlaanderen,2020-08,0
Prov. Oost-Vlaanderen,2020-09,0
Prov. Oost-Vlaanderen,2020-10,0
Prov. Oost-Vlaanderen,2020-11,0
Prov. Oost-Vlaanderen,2020-12,0
Prov. Oost-Vlaanderen,2021-01,0
Prov. Oost-Vlaanderen,2021-02,0
Prov. Oost-Vlaanderen,2021-03,0
Prov. Oost-Vlaanderen,2021-04,0
Prov. Oost-Vlaanderen,2021-05,0
Prov. Oost-Vlaanderen,2021-06,0
Prov. Oost-Vlaanderen,2021-07,0
Prov. Oost-Vlaanderen,2021-08,0
Prov. Oost-Vlaanderen,2021-09,0
Prov. Oost-Vlaanderen,2021-10,0
Prov. Oost-Vlaanderen,2021-11,0
Prov. Oost-Vlaanderen,2021-12,0
Prov. Oost-Vlaanderen,2022-01,0
Prov. Oost-Vlaanderen,2022-02,0
Prov. Oost-Vlaanderen,2022-03,0
Prov. Oost-Vlaanderen,2022-04,0
Prov. Oost-Vlaanderen,2022-05,0
Prov. Oost-Vlaanderen,2022-06,0
Prov. Oost-Vlaanderen,2022-07,0
Prov. Oost-Vlaanderen,2022-08,0
Prov. Oost-Vlaanderen,2022-09,0
Prov. Oost-Vlaanderen,2022-10,0
Prov. Oost-Vlaanderen,2022-11,0
Prov. Oost-Vlaanderen,2022-12,0
Prov. Oost-Vlaanderen,2023-01,0
Prov. Oost-Vlaanderen,2023-02,0
Prov. Oost-Vlaanderen,2023-03,0
Prov. Oost-Vlaanderen,2023-04,0
Prov. Oost-Vlaanderen,2023-05,0
Prov. Oost-Vlaanderen,2023-06,0
Prov. Oost-Vlaanderen,2023-07,0
Prov. Oost-Vlaanderen,2023-08,0
Prov. Oost-Vlaanderen,2023-09,0
Prov. Oost-Vlaanderen,2023-10,0
Prov. Oost-Vlaanderen,2023-11,0
Prov. Oost-Vlaanderen,2023-12,0
Prov. Oost-Vlaanderen,2024-01,0
Prov. Oost-Vlaanderen,2024-02,0
Prov. Oost-Vlaanderen,2024-03,0
Prov. Oost-Vlaanderen,2024-04,0
Prov. Oost-Vlaanderen,2024-05,0
Prov. Oost-Vlaanderen,2024-06,0
Prov. Oost-Vlaanderen,2024-07,0
Prov. Oost-Vlaanderen,2024-08,0
Prov. Oost-Vlaanderen,2024-09,0
Prov. Oost-Vlaanderen,2024-10,0
Prov. Oost-Vlaanderen,2024-11,0
Prov. Oost-Vlaanderen,2024-12,0
Prov. Oost-Vlaanderen,2025-01,0
Prov. Oost-Vlaanderen,2025-02,0
Prov. Oost-Vlaanderen,2025-03,0
Prov. Oost-Vlaanderen,2025-04,0
Prov. Oost-Vlaanderen,2025-05,0
Prov. Oost-Vlaanderen,2025-06,0
Prov. Oost-Vlaanderen,2025-07,0
Prov. Oost-Vlaanderen,2025-08,0
Prov. Oost-Vlaanderen,2025-09,0
Prov. Oost-Vlaanderen,2025-10,0
Prov. Oost-Vlaanderen,2025-11,0
Prov. Oost-Vlaanderen,2025-12,0
Arr. Dendermonde,2020-01,0
Arr. Dendermonde,2020-02,0
Arr. Dendermonde,2020-03,0
Arr. Dendermonde,2020-04,0
Arr. Dendermonde,2020-05,0
Arr. Dendermonde,2020-06,0
Arr. Dendermonde,2020-07,0
Arr. Dendermonde,2020-08,0
Arr. Dendermonde,2020-09,0
Arr. Dendermonde,2020-10,0
Arr. Dendermonde,2020-11,0
Arr. Dendermonde,2020-12,0
Arr. Dendermonde,2021-01,0
Arr. Dendermonde,2021-02,0
Arr. Dendermonde,2021-03,0
Arr. Dendermonde,2021-04,0
Arr. Dendermonde,2021-05,0
Arr. Dendermonde,2021-06,0
Arr. Dendermonde,2021-07,0
Arr. Dendermonde,2021-08,0
Arr. Dendermonde,2021-09,0
Arr. Dendermonde,2021-10,0
Arr. Dendermonde,2021-11,0
Arr. Dendermonde,2021-12,0
Arr. Dendermonde,2022-01,32058
Arr. Dendermonde,2022-02,0
Arr. Dendermonde,2022-03,0
Arr. Dendermonde,2022-04,0
Arr. Dendermonde,2022-05,0
Arr. Dendermonde,2022-06,0
Arr. Dendermonde,2022-07,0
Arr. Dendermonde,2022-08,0
Arr. Dendermonde,2022-09,0
Arr. Dendermonde,2022-10,0
Arr. Dendermonde,2022-11,0
Arr. Dendermonde,2022-12,0
Arr. Dendermonde,2023-01,0
Arr. Dendermonde,2023-02,0
Arr. Dendermonde,2023-03,41650
Arr. Dendermonde,2023-04,0
Arr. Dendermonde,2023-05,35169
Arr. Dendermonde,2023-06,0
Arr. Dendermonde,2023-07,15030
Arr. Dendermonde,2023-08,0
Arr. Dendermonde,2023-09,9785
Arr. Dendermonde,2023-10,0
Arr. Dendermonde,2023-11,11144
Arr. Dendermonde,2023-12,0
Arr. Dendermonde,2024-01,0
Arr. Dendermonde,2024-02,0
Arr. Dendermonde,2024-03,6708
Arr. Dendermonde,2024-04,0
Arr. Dendermonde,2024-05,4575
Arr. Dendermonde,2024-06,0
Arr. Dendermonde,2024-07,0
Arr. Dendermonde,2024-08,0
Arr. Dendermonde,2024-09,0
Arr. Dendermonde,2024-10,0
Arr. Dendermonde,2024-11,0
Arr. Dendermonde,2024-12,0
Arr. Dendermonde,2025-01,0
Arr. Dendermonde,2025-02,0
Arr. Dendermonde,2025-03,0
Arr. Dendermonde,2025-04,0
Arr. Dendermonde,2025-05,0
Arr. Dendermonde,2025-06,0
Arr. Dendermonde,2025-07,0
Arr. Dendermonde,2025-08,0
Arr. Dendermonde,2025-09,0
Arr. Dendermonde,2025-10,0
Arr. Dendermonde,2025-11,0
Arr. Dendermonde,2025-12,0
Arr. Eeklo,2020-01,0
Arr. Eeklo,2020-02,0
Arr. Eeklo,2020-03,0
Arr. Eeklo,2020-04,0
Arr. Eeklo,2020-05,0
Arr. Eeklo,2020-06,0
Arr. Eeklo,2020-07,0
Arr. Eeklo,2020-08,0
Arr. Eeklo,2020-09,0
Arr. Eeklo,2020-10,0
Arr. Eeklo,2020-11,0
Arr. Eeklo,2020-12,0
Arr. Eeklo,2021-01,0
Arr. Eeklo,2021-02,0
Arr. Eeklo,2021-03,0
Arr. Eeklo,2021-04,0
Arr. Eeklo,2021-05,0
Arr. Eeklo,2021-06,0
Arr. Eeklo,2021-07,0
Arr. Eeklo,2021-08,0
Arr. Eeklo,2021-09,0
Arr. Eeklo,2021-10,0
Arr. Eeklo,2021-11,0
Arr. Eeklo,2021-12,0
Arr. Eeklo,2022-01,32058
Arr. Eeklo,2022-02,0
Arr. Eeklo,2022-03,0
Arr. Eeklo,2022-04,0
Arr. Eeklo,2022-05,0
Arr. Eeklo,2022-06,0
Arr. Eeklo,2022-07,0
Arr. Eeklo,2022-08,0
Arr. Eeklo,2022-09,0
Arr. Eeklo,2022-10,0
Arr. Eeklo,2022-11,0
Arr. Eeklo,2022-12,0
Arr. Eeklo,2023-01,0
Arr. Eeklo,2023-02,0
Arr. Eeklo,2023-03,41650
Arr. Eeklo,2023-04,0
Arr. Eeklo,2023-05,35169
Arr. Eeklo,2023-06,0
Arr. Eeklo,2023-07,15030
Arr. Eeklo,2023-08,0
Arr. Eeklo,2023-09,9785
Arr. Eeklo,2023-10,0
Arr. Eeklo,2023-11,11144
Arr. Eeklo,2023-12,0
Arr. Eeklo,2024-01,0
Arr. Eeklo,2024-02,0
Arr. Eeklo,2024-03,6708
Arr. Eeklo,2024-04,0
Arr. Eeklo,2024-05,4575
Arr. Eeklo,2024-06,0
Arr. Eeklo,2024-07,0
Arr. Eeklo,2024-08,0
Arr. Eeklo,2024-09,0
Arr. Eeklo,2024-10,0
Arr. Eeklo,2024-11,0
Arr. Eeklo,2024-12,0
Arr. Eeklo,2025-01,0
Arr. Eeklo,2025-02,0
Arr. Eeklo,2025-03,0
Arr. Eeklo,2025-04,0
Arr. Eeklo,2025-05,0
Arr. Eeklo,2025-06,0
Arr. Eeklo,2025-07,0
Arr. Eeklo,2025-08,0
Arr. Eeklo,2025-09,0
Arr. Eeklo,2025-10,0
Arr. Eeklo,2025-11,0
Arr. Eeklo,2025-12,0
Arr. Gent,2020-01,0
Arr. Gent,2020-02,0
Arr. Gent,2020-03,0
Arr. Gent,2020-04,0
Arr. Gent,2020-05,0
Arr. Gent,2020-06,0
Arr. Gent,2020-07,0
Arr. Gent,2020-08,0
Arr. Gent,2020-09,0
Arr. Gent,2020-10,0
Arr. Gent,2020-11,0
Arr. Gent,2020-12,0
Arr. Gent,2021-01,0
Arr. Gent,2021-02,0
Arr. Gent,2021-03,0
Arr. Gent,2021-04,0
Arr. Gent,2021-05,0
Arr. Gent,2021-06,0
Arr. Gent,2021-07,0
Arr. Gent,2021-08,0
Arr. Gent,2021-09,0
Arr. Gent,2021-10,0
Arr. Gent,2021-11,0
Arr. Gent,2021-12,0
Arr. Gent,2022-01,0
Arr. Gent,2022-02,0
Arr. Gent,2022-03,0
Arr. Gent,2022-04,0
Arr. Gent,2022-05,0
Arr. Gent,2022-06,0
Arr. Gent,2022-07,0
Arr. Gent,2022-08,0
Arr. Gent,2022-09,0
Arr. Gent,2022-10,0
Arr. Gent,2022-11,0
Arr. Gent,2022-12,0
Arr. Gent,2023-01,0
Arr. Gent,2023-02,0
Arr. Gent,2023-03,0
Arr. Gent,2023-04,0
Arr. Gent,2023-05,0
Arr. Gent,2023-06,0
Arr. Gent,2023-07,0
Arr. Gent,2023-08,0
Arr. Gent,2023-09,0
Arr. Gent,2023-10,0
Arr. Gent,2023-11,0
Arr. Gent,2023-12,0
Arr. Gent,2024-01,0
Arr. Gent,2024-02,0
Arr. Gent,2024-03,0
Arr. Gent,2024-04,0
Arr. Gent,2024-05,0
Arr. Gent,2024-06,0
Arr. Gent,2024-07,0
Arr. Gent,2024-08,0
Arr. Gent,2024-09,0
Arr. Gent,2024-10,0
Arr. Gent,2024-11,0
Arr. Gent,2024-12,0
Arr. Gent,2025-01,0
Arr. Gent,2025-02,0
Arr. Gent,2025-03,0
Arr. Gent,2025-04,0
Arr. Gent,2025-05,0
Arr. Gent,2025-06,0
Arr. Gent,2025-07,0
Arr. Gent,2025-08,0
Arr. Gent,2025-09,0
Arr. Gent,2025-10,0
Arr. Gent,2025-11,0
Arr. Gent,2025-12,0
Arr. Oudenaarde,2020-01,0
Arr. Oudenaarde,2020-02,0
Arr. Oudenaarde,2020-03,0
Arr. Oudenaarde,2020-04,0
Arr. Oudenaarde,2020-05,0
Arr. Oudenaarde,2020-06,0
Arr. Oudenaarde,2020-07,0
Arr. Oudenaarde,2020-08,0
Arr. Oudenaarde,2020-09,0
Arr. Oudenaarde,2020-10,0
Arr. Oudenaarde,2020-11,0
Arr. Oudenaarde,2020-12,0
Arr. Oudenaarde,2021-01,0
Arr. Oudenaarde,2021-02,0
Arr. Oudenaarde,2021-03,0
Arr. Oudenaarde,2021-04,0
Arr. Oudenaarde,2021-05,0
Arr. Oudenaarde,2021-06,0
Arr. Oudenaarde,2021-07,0
Arr. Oudenaarde,2021-08,0
Arr. Oudenaarde,2021-09,0
Arr. Oudenaarde,2021-10,0
Arr. Oudenaarde,2021-11,0
Arr. Oudenaarde,2021-12,0
Arr. Oudenaarde,2022-01,32058
Arr. Oudenaarde,2022-02,0
Arr. Oudenaarde,2022-03,0
Arr. Oudenaarde,2022-04,0
Arr. Oudenaarde,2022-05,0
Arr. Oudenaarde,2022-06,0
Arr. Oudenaarde,2022-07,0
Arr. Oudenaarde,2022-08,0
Arr. Oudenaarde,2022-09,0
Arr. Oudenaarde,2022-10,0
Arr. Oudenaarde,2022-11,0
Arr. Oudenaarde,2022-12,0
Arr. Oudenaarde,2023-01,0
Arr. Oudenaarde,2023-02,0
Arr. Oudenaarde,2023-03,41650
Arr. Oudenaarde,2023-04,0
Arr. Oudenaarde,2023-05,35169
Arr. Oudenaarde,2023-06,0
Arr. Oudenaarde,2023-07,15030
Arr. Oudenaarde,2023-08,0
Arr. Oudenaarde,2023-09,9785
Arr. Oudenaarde,2023-10,0
Arr. Oudenaarde,2023-11,11144
Arr. Oudenaarde,2023-12,0
Arr. Oudenaarde,2024-01,0
Arr. Oudenaarde,2024-02,0
Arr. Oudenaarde,2024-03,6708
Arr. Oudenaarde,2024-04,0
Arr. Oudenaarde,2024-05,4575
Arr. Oudenaarde,2024-06,0
Arr. Oudenaarde,2024-07,0
Arr. Oudenaarde,2024-08,0
Arr. Oudenaarde,2024-09,0
Arr. Oudenaarde,2024-10,0
Arr. Oudenaarde,2024-11,0
Arr. Oudenaarde,2024-12,0
Arr. Oudenaarde,2025-01,0
Arr. Oudenaarde,2025-02,0
Arr. Oudenaarde,2025-03,0
Arr. Oudenaarde,2025-04,0
Arr. Oudenaarde,2025-05,0
Arr. Oudenaarde,2025-06,0
Arr. Oudenaarde,2025-07,0
Arr. Oudenaarde,2025-08,0
Arr. Oudenaarde,2025-09,0
Arr. Oudenaarde,2025-10,0
Arr. Oudenaarde,2025-11,0
Arr. Oudenaarde,2025-12,0
Arr. Sint-Niklaas,2020-01,0
Arr. Sint-Niklaas,2020-02,0
Arr. Sint-Niklaas,2020-03,0
Arr. Sint-Niklaas,2020-04,0
Arr. Sint-Niklaas,2020-05,0
Arr. Sint-Niklaas,2020-06,0
Arr. Sint-Niklaas,2020-07,0
Arr. Sint-Niklaas,2020-08,0
Arr. Sint-Niklaas,2020-09,0
Arr. Sint-Niklaas,2020-10,0
Arr. Sint-Niklaas,2020-11,0
Arr. Sint-Niklaas,2020-12,0
Arr. Sint-Niklaas,2021-01,0
Arr. Sint-Niklaas,2021-02,0
Arr. Sint-Niklaas,2021-03,0
Arr. Sint-Niklaas,2021-04,0
Arr. Sint-Niklaas,2021-05,0
Arr. Sint-Niklaas,2021-06,0
Arr. Sint-Niklaas,2021-07,0
Arr. Sint-Niklaas,2021-08,0
Arr. Sint-Niklaas,2021-09,0
Arr. Sint-Niklaas,2021-10,0
Arr. Sint-Niklaas,2021-11,0
Arr. Sint-Niklaas,2021-12,0
Arr. Sint-Niklaas,2022-01,32058
Arr. Sint-Niklaas,2022-02,0
Arr. Sint-Niklaas,2022-03,0
Arr. Sint-Niklaas,2022-04,0
Arr. Sint-Niklaas,2022-05,0
Arr. Sint-Niklaas,2022-06,0
Arr. Sint-Niklaas,2022-07,0
Arr. Sint-Niklaas,2022-08,0
Arr. Sint-Niklaas,2022-09,0
Arr. Sint-Niklaas,2022-10,0
Arr. Sint-Niklaas,2022-11,0
Arr. Sint-Niklaas,2022-12,0
Arr. Sint-Niklaas,2023-01,0
Arr. Sint-Niklaas,2023-02,0
Arr. Sint-Niklaas,2023-03,41650
Arr. Sint-Niklaas,2023-04,0
Arr. Sint-Niklaas,2023-05,35169
Arr. Sint-Niklaas,2023-06,0
Arr. Sint-Niklaas,2023-07,15030
Arr. Sint-Niklaas,2023-08,0
Arr. Sint-Niklaas,2023-09,9785
Arr. Sint-Niklaas,2023-10,0
Arr. Sint-Niklaas,2023-11,11144
Arr. Sint-Niklaas,2023-12,0
Arr. Sint-Niklaas,2024-01,0
Arr. Sint-Niklaas,2024-02,0
Arr. Sint-Niklaas,2024-03,6708
Arr. Sint-Niklaas,2024-04,0
Arr. Sint-Niklaas,2024-05,4575
Arr. Sint-Niklaas,2024-06,0
Arr. Sint-Niklaas,2024-07,0
Arr. Sint-Niklaas,2024-08,0
Arr. Sint-Niklaas,2024-09,0
Arr. Sint-Niklaas,2024-10,0
Arr. Sint-Niklaas,2024-11,0
Arr. Sint-Niklaas,2024-12,0
Arr. Sint-Niklaas,2025-01,0
Arr. Sint-Niklaas,2025-02,0
Arr. Sint-Niklaas,2025-03,0
Arr. Sint-Niklaas,2025-04,0
Arr. Sint-Niklaas,2025-05,0
Arr. Sint-Niklaas,2025-06,0
Arr. Sint-Niklaas,2025-07,0
Arr. Sint-Niklaas,2025-08,0
Arr. Sint-Niklaas,2025-09,0
Arr. Sint-Niklaas,2025-10,0
Arr. Sint-Niklaas,2025-11,0
Arr. Sint-Niklaas,2025-12,0
Prov. Vlaams-Brabant,2020-01,0
Prov. Vlaams-Brabant,2020-02,0
Prov. Vlaams-Brabant,2020-03,0
Prov. Vlaams-Brabant,2020-04,0
Prov. Vlaams-Brabant,2020-05,0
Prov. Vlaams-Brabant,2020-06,0
Prov. Vlaams-Brabant,2020-07,0
Prov. Vlaams-Brabant,2020-08,0
Prov. Vlaams-Brabant,2020-09,0
Prov. Vlaams-Brabant,2020-10,0
Prov. Vlaams-Brabant,2020-11,0
Prov. Vlaams-Brabant,2020-12,0
Prov. Vlaams-Brabant,2021-01,0
Prov. Vlaams-Brabant,2021-02,0
Prov. Vlaams-Brabant,2021-03,0
Prov. Vlaams-Brabant,2021-04,0
Prov. Vlaams-Brabant,2021-05,0
Prov. Vlaams-Brabant,2021-06,0
Prov. Vlaams-Brabant,2021-07,0
Prov. Vlaams-Brabant,2021-08,0
Prov. Vlaams-Brabant,2021-09,0
Prov. Vlaams-Brabant,2021-10,0
Prov. Vlaams-Brabant,2021-11,0
Prov. Vlaams-Brabant,2021-12,0
Prov. Vlaams-Brabant,2022-01,0
Prov. Vlaams-Brabant,2022-02,0
Prov. Vlaams-Brabant,2022-03,0
Prov. Vlaams-Brabant,2022-04,0
Prov. Vlaams-Brabant,2022-05,0
Prov. Vlaams-Brabant,2022-06,0
Prov. Vlaams-Brabant,2022-07,0
Prov. Vlaams-Brabant,2022-08,0
Prov. Vlaams-Brabant,2022-09,0
Prov. Vlaams-Brabant,2022-10,0
Prov. Vlaams-Brabant,2022-11,0
Prov. Vlaams-Brabant,2022-12,0
Prov. Vlaams-Brabant,2023-01,0
Prov. Vlaams-Brabant,2023-02,0
Prov. Vlaams-Brabant,2023-03,0
Prov. Vlaams-Brabant,2023-04,0
Prov. Vlaams-Brabant,2023-05,0
Prov. Vlaams-Brabant,2023-06,0
Prov. Vlaams-Brabant,2023-07,0
Prov. Vlaams-Brabant,2023-08,0
Prov. Vlaams-Brabant,2023-09,0
Prov. Vlaams-Brabant,2023-10,0
Prov. Vlaams-Brabant,2023-11,0
Prov. Vlaams-Brabant,2023-12,0
Prov. Vlaams-Brabant,2024-01,0
Prov. Vlaams-Brabant,2024-02,0
Prov. Vlaams-Brabant,2024-03,0
Prov. Vlaams-Brabant,2024-04,0
Prov. Vlaams-Brabant,2024-05,0
Prov. Vlaams-Brabant,2024-06,0
Prov. Vlaams-Brabant,2024-07,0
Prov. Vlaams-Brabant,2024-08,0
Prov. Vlaams-Brabant,2024-09,0
Prov. Vlaams-Brabant,2024-10,0
Prov. Vlaams-Brabant,2024-11,0
Prov. Vlaams-Brabant,2024-12,0
Prov. Vlaams-Brabant,2025-01,0
Prov. Vlaams-Brabant,2025-02,0
Prov. Vlaams-Brabant,2025-03,0
Prov. Vlaams-Brabant,2025-04,0
Prov. Vlaams-Brabant,2025-05,0
Prov. Vlaams-Brabant,2025-06,0
Prov. Vlaams-Brabant,2025-07,0
Prov. Vlaams-Brabant,2025-08,0
Prov. Vlaams-Brabant,2025-09,0
Prov. Vlaams-Brabant,2025-10,0
Prov. Vlaams-Brabant,2025-11,0
Prov. Vlaams-Brabant,2025-12,0
