region,country,capital,attraction_1,attraction_2,attraction_3
European Union - 27 countries (from 2020),Unknown,,NULL,NULL,NULL
"Euro area (EA11-1999, EA12-2001, EA13-2007, EA15-2008, EA16-2009, EA17-2011, EA18-2014, EA19-2015, EA20-2023, EA21-2026)",Unknown,,NULL,NULL,NULL
Euro area – 20 countries (2023-2025),Unknown,,NULL,NULL,NULL
Euro area - 19 countries  (2015-2022),Unknown,,NULL,NULL,NULL
Belgium,Belgium,Brussels,Low Countries,Netherlands,North Sea
Région de Bruxelles-Capitale/Brussels Hoofdstedelijk Gewest,Belgium,City of Brussels,Brussels,City of Brussels,Flemish Community
Arr. de Bruxelles-Capitale/Arr. Brussel-Hoofdstad,Belgium,,NULL,NULL,NULL
Vlaams Gewest,Belgium,City of Brussels,Brussels,NULL,NULL
Prov. Antwerpen,Belgium,and largest city of Antwerp Province,NULL,NULL,NULL
Arr. Antwerpen,Belgium,and largest city of Antwerp Province,NULL,NULL,NULL
Arr. Mechelen,Belgium,Mechelen,Dijlestad,NULL,NULL
Arr. Turnhout,Belgium,the administrative district with the same name,Flemish,Campine,NULL
Prov. Limburg (BE),Belgium,,NULL,NULL,NULL
Arr. Tongeren,Belgium,the Civitas Tungrorum district,Belgian,Flemish,Tungri
Arr. Hasselt,Belgium,and largest city of the province of Limburg in the Flemish Region of Belgium,NULL,NULL,NULL
Arr. Maaseik,Belgium,Maaseik,Belgian,NULL,NULL
Prov. Oost-Vlaanderen,Belgium,Ghent,Dutch,Belgian,Ghent University
Arr. Aalst,Belgium,,NULL,NULL,NULL
Arr. Dendermonde,Belgium,Dendermonde,Flemish,Scheldt,Middle Ages
Arr. Eeklo,Belgium,Eeklo,Flemish,East Flanders,NULL
Arr. Gent,Belgium,,Gent Cakaj,Gent Strazimiri,Honeywell Gent
Arr. Oudenaarde,Belgium,Oudenaarde,Flemish,East Flanders,NULL
Arr. Sint-Niklaas,Belgium,,Flemish,East Flanders,NULL
Prov. Vlaams-Brabant,Belgium,Leuven,Belgian,Brussels,Flemish Brabant
Arr. Halle-Vilvoorde,Belgium,Region,NULL,NULL,NULL
Arr. Leuven,Belgium,and largest city of the province of Flemish Brabant in the Flemish Region of Belgium,Flemish Brabant,NULL,NULL
Prov. West-Vlaanderen,Belgium,Bruges,North Sea,Dutch,Flemish
Arr. Brugge,Belgium,and largest city of the province of West Flanders,West Flanders,NULL,NULL
Arr. Diksmuide,Belgium,Diksmuide,Flemish,West Flanders,NULL
Arr. Ieper,Belgium,Ieper,Dutch,West Flanders,NULL
Arr. Kortrijk,Belgium,Kortrijk,Flemish,West Flanders,NULL
Arr. Oostende,Belgium,Oostende,NULL,NULL,NULL
Arr. Roeselare,Belgium,Roeselare,Flemish,West Flanders,NULL
Arr. Tielt,Belgium,Tielt,West Flanders,NULL,NULL
Arr. Veurne,Belgium,Veurne,Belgian,West Flanders,De Moeren
Région wallonne,Belgium,Namur,NULL,NULL,NULL
Prov. Brabant wallon,Belgium,Wavre,Walloon Brabant,Flemish Brabant,NULL
Arr. Nivelles,Belgium,Nivelles,Belgian,Walloon Brabant,NULL
Prov. Hainaut,Belgium,,NULL,NULL,NULL
Arr. Mons,Belgium,Mons,NULL,NULL,NULL
Arr. Tournai-Mouscron,Belgium,Tournai-Mouscron,Belgian,Lille,NULL
Arr. La Louvière,Belgium,La Louvière,La Louvière,NULL,NULL
Arr. Ath,Belgium,Ath,NULL,NULL,NULL
Arr. Charleroi,Belgium,Charleroi,Sambre,NULL,NULL
Arr. Soignies,Belgium,Soignies,NULL,NULL,NULL
Arr. Thuin,Belgium,Thuin,NULL,NULL,NULL
Prov. Liège,Belgium,the eponymous province,Belgian,Meuse,Netherlands
Arr. Huy,Belgium,Huy,Walloon,NULL,NULL
Arr. Liège,Belgium,the eponymous province,Belgian,Meuse,Netherlands
Arr. Waremme,Belgium,Waremme,NULL,NULL,NULL
Arr. Verviers — communes francophones,Belgium,,East Cantons,Sankt Vith,NULL
Bezirk Verviers — Deutschsprachige Gemeinschaft,Belgium,Eupen,Eupen,East Belgium,Moselle Franconian
Prov. Luxembourg (BE),Belgium,Luxembourg City,Grand Duchy of Luxembourg,Court of Justice,Grand Duchy
Arr. Arlon,Belgium,the province of Luxembourg in Lorraine,Arelerland,NULL,NULL
Arr. Bastogne,Belgium,Bastogne,Ardennes,NULL,NULL
Arr. Marche-en-Famenne,Belgium,Marche-en-Famenne,Belgian,NULL,NULL
Arr. Neufchâteau,Belgium,,NULL,NULL,NULL
Arr. Virton,Belgium,the district,Gaume,Belgian Lorraine,NULL
Prov. Namur,Belgium,both of the province of Namur and of Wallonia,Parliament of Wallonia,Government of Wallonia,NULL
Arr. Dinant,Belgium,Dinant,Ardennes,NULL,NULL
Arr. Namur,Belgium,both of the province of Namur and of Wallonia,Parliament of Wallonia,Government of Wallonia,NULL
Arr. Philippeville,Belgium,Philippeville,NULL,NULL,NULL
Bulgaria,Bulgaria,Sofia,Balkans,Danube,Black Sea
Severna i Yugoiztochna Bulgaria,Bulgaria,,NULL,NULL,NULL
Severozapaden,Bulgaria,Pleven,NULL,NULL,NULL
Severen tsentralen,Bulgaria,"Ruse, Bulgaria",Veliko Tarnovo,NULL,NULL
Severoiztochen,Bulgaria,"Varna, Bulgaria",NULL,NULL,NULL
Yugoiztochen,Bulgaria,Burgas,NULL,NULL,NULL
Yugozapadna i Yuzhna tsentralna Bulgaria,Bulgaria,,NULL,NULL,NULL
Yugozapaden,Bulgaria,Sofia,NULL,NULL,NULL
Yuzhen tsentralen,Bulgaria,Plovdiv,NULL,NULL,NULL
Czechia,Czechia,Prague,NULL,NULL,NULL
Česko,Czechia,Prague,NULL,NULL,NULL
Praha,Czechia,Bohemia,Vltava River,NULL,NULL
Hlavní město Praha,Czechia,Bohemia,Vltava River,NULL,NULL
Střední Čechy,Czechia,Prague,NULL,NULL,NULL
Středočeský kraj,Czechia,Prague,NULL,NULL,NULL
Jihozápad,Czechia,,NULL,NULL,NULL
Jihočeský kraj,Czechia,České Budějovice,NULL,NULL,NULL
Plzeňský kraj,Czechia,Plzeň,NULL,NULL,NULL
Severozápad,Czechia,,NULL,NULL,NULL
Karlovarský kraj,Czechia,Karlovy Vary,Karlovy Vary,Mariánské Lázně,NULL
Ústecký kraj,Czechia,Ústí nad Labem,North Bohemia,NULL,NULL
Severovýchod,Czechia,,NULL,NULL,NULL
Liberecký kraj,Czechia,Liberec,NULL,NULL,NULL
Královéhradecký kraj,Czechia,Hradec Králové,Hradec Králové,NULL,NULL
Pardubický kraj,Czechia,Pardubice,Bohemian,NULL,NULL
Jihovýchod,Czechia,,NULL,NULL,NULL
Kraj Vysočina,Czechia,Jihlava,NULL,NULL,NULL
Jihomoravský kraj,Czechia,Brno,South Moravia,Lower Austria,NULL
Střední Morava,Czechia,,NULL,NULL,NULL
Olomoucký kraj,Czechia,Olomouc,NULL,NULL,NULL
Zlínský kraj,Czechia,Zlín,Moravian,Moravian Slovakia,Moravian Wallachia
Moravskoslezsko,Czechia,Ostrava,Before May,NULL,NULL
Moravskoslezský kraj,Czechia,Ostrava,Before May,NULL,NULL
Denmark,Denmark,Copenhagen,Danish Realm,Faroe Islands,Scandinavian
Danmark,Denmark,,NULL,NULL,NULL
Hovedstaden,Denmark,Hillerød,NULL,NULL,NULL
Sjælland,Denmark,,NULL,NULL,NULL
Syddanmark,Denmark,Vejle,Funish,Danish Municipal Reform,NULL
Midtjylland,Denmark,,Danish Superliga,Football Club Midtjylland,Herning Fremad
Nordjylland,Denmark,,North Jutland,North Jutlandic Island,NULL
Germany,Germany,Berlin,Federal Republic of Germany,Baltic Sea,North Sea
Baden-Württemberg,Germany,Stuttgart,Rhine,Southwest Germany,NULL
Stuttgart,Germany,and largest city of the German state of Baden-Württemberg,Neckar,Stuttgarter Kessel,Swabian Jura
Karlsruhe,Germany,Baden,Rhine,Mannheim,Federal Constitutional Court
Freiburg,Germany,Freiburg,NULL,NULL,NULL
Tübingen,Germany,Stuttgart,NULL,NULL,NULL
Bayern,Germany,Munich,Free State of Bavaria,Free State,NULL
Oberbayern,Germany,Munich,Upper Bavaria,NULL,NULL
Niederbayern,Germany,Landshut,Lower Bavaria,NULL,NULL
Oberpfalz,Germany,Regensburg,NULL,NULL,NULL
Oberfranken,Germany,,NULL,NULL,NULL
Mittelfranken,Germany,,NULL,NULL,NULL
Unterfranken,Germany,,NULL,NULL,NULL
Schwaben,Germany,,NULL,NULL,NULL
Berlin,Germany,,NULL,NULL,NULL
Brandenburg,Germany,,NULL,NULL,NULL
Bremen,Germany,,NULL,NULL,NULL
Hamburg,Germany,,NULL,NULL,NULL
Hessen,Germany,,NULL,NULL,NULL
Darmstadt,Germany,,NULL,NULL,NULL
Gießen,Germany,,NULL,NULL,NULL
Kassel,Germany,,NULL,NULL,NULL
Mecklenburg-Vorpommern,Germany,,NULL,NULL,NULL
Niedersachsen,Germany,,NULL,NULL,NULL
Braunschweig,Germany,,NULL,NULL,NULL
Hannover,Germany,,NULL,NULL,NULL
Lüneburg,Germany,,NULL,NULL,NULL
Weser-Ems,Germany,,NULL,NULL,NULL
Nordrhein-Westfalen,Germany,,NULL,NULL,NULL
Düsseldorf,Germany,,NULL,NULL,NULL
Köln,Germany,,NULL,NULL,NULL
Münster,Germany,,NULL,NULL,NULL
Detmold,Germany,,NULL,NULL,NULL
Arnsberg,Germany,,NULL,NULL,NULL
Rheinland-Pfalz,Germany,,NULL,NULL,NULL
Koblenz,Germany,,NULL,NULL,NULL
Trier,Germany,,NULL,NULL,NULL
Rheinhessen-Pfalz,Germany,,NULL,NULL,NULL
Saarland,Germany,,NULL,NULL,NULL
Sachsen,Germany,,NULL,NULL,NULL
Dresden,Germany,,NULL,NULL,NULL
Chemnitz,Germany,,NULL,NULL,NULL
Leipzig,Germany,,NULL,NULL,NULL
Sachsen-Anhalt,Germany,,NULL,NULL,NULL
Schleswig-Holstein,Germany,,NULL,NULL,NULL
Thüringen,Germany,,NULL,NULL,NULL
Estonia,Estonia,Tallinn,Baltic,Gulf of Finland,Baltic Sea
Eesti,Estonia,,NULL,NULL,NULL
Põhja-Eesti,Estonia,,NULL,NULL,NULL
Lääne-Eesti,Estonia,,NULL,NULL,NULL
Lõuna-Eesti,Estonia,,NULL,NULL,NULL
Kesk-Eesti,Estonia,,NULL,NULL,NULL
Kirde-Eesti,Estonia,,NULL,NULL,NULL
Ireland,Ireland,Dublin,North Atlantic Ocean,North Channel,Irish Sea
Northern and Western,Ireland,,NULL,NULL,NULL
Southern,Ireland,,NULL,NULL,NULL
Eastern and Midland,Ireland,,NULL,NULL,NULL
Greece,Greece,Athens,Hellenic Republic,Balkan,Ionian Sea
Attiki,Greece,,NULL,NULL,NULL
Voreios Tomeas Athinon,Greece,,NULL,NULL,NULL
Dytikos Tomeas Athinon,Greece,,NULL,NULL,NULL
Kentrikos Tomeas Athinon,Greece,,NULL,NULL,NULL
Notios Tomeas Athinon,Greece,,NULL,NULL,NULL
Anatoliki Attiki,Greece,,NULL,NULL,NULL
Dytiki Attiki,Greece,,NULL,NULL,NULL
"Peiraias, Nisoi",Greece,,NULL,NULL,NULL
"Nisia Aigaiou, Kriti",Greece,,NULL,NULL,NULL
Voreio Aigaio,Greece,,NULL,NULL,NULL
"Lesvos, Limnos",Greece,,NULL,NULL,NULL
"Ikaria, Samos",Greece,,NULL,NULL,NULL
Chios,Greece,,NULL,NULL,NULL
Notio Aigaio,Greece,,NULL,NULL,NULL
"Kalymnos, Karpathos – Iroiki Nisos Kasos, Kos, Rodos",Greece,,NULL,NULL,NULL
"Andros, Thira, Kea, Milos, Mykonos, Naxos, Paros, Syros, Tinos",Greece,,NULL,NULL,NULL
Kriti,Greece,,NULL,NULL,NULL
Irakleio,Greece,,NULL,NULL,NULL
Lasithi,Greece,,NULL,NULL,NULL
Rethymni,Greece,,NULL,NULL,NULL
Chania,Greece,,NULL,NULL,NULL
Voreia Elláda,Greece,,NULL,NULL,NULL
"Anatoliki Makedonia, Thraki",Greece,,NULL,NULL,NULL
Evros,Greece,,NULL,NULL,NULL
Xanthi,Greece,,NULL,NULL,NULL
Rodopi,Greece,,NULL,NULL,NULL
Drama,Greece,,NULL,NULL,NULL
"Thasos, Kavala",Greece,,NULL,NULL,NULL
Kentriki Makedonia,Greece,,NULL,NULL,NULL
Imathia,Greece,,NULL,NULL,NULL
Thessaloniki,Greece,,NULL,NULL,NULL
Kilkis,Greece,,NULL,NULL,NULL
Pella,Greece,,NULL,NULL,NULL
Pieria,Greece,,NULL,NULL,NULL
Serres,Greece,,NULL,NULL,NULL
Chalkidiki,Greece,,NULL,NULL,NULL
Dytiki Makedonia,Greece,,NULL,NULL,NULL
"Grevena, Kozani",Greece,,NULL,NULL,NULL
Kastoria,Greece,,NULL,NULL,NULL
Florina,Greece,,NULL,NULL,NULL
Ipeiros,Greece,,NULL,NULL,NULL
"Arta, Preveza",Greece,,NULL,NULL,NULL
Thesprotia,Greece,,NULL,NULL,NULL
Ioannina,Greece,,NULL,NULL,NULL
Kentriki Elláda,Greece,,NULL,NULL,NULL
Thessalia,Greece,,NULL,NULL,NULL
"Karditsa, Trikala",Greece,,NULL,NULL,NULL
Larisa,Greece,,NULL,NULL,NULL
"Magnisia, Sporades",Greece,,NULL,NULL,NULL
Ionia Nisia,Greece,,NULL,NULL,NULL
Zakynthos,Greece,,NULL,NULL,NULL
Kerkyra,Greece,,NULL,NULL,NULL
"Ithaki, Kefallinia",Greece,,NULL,NULL,NULL
Lefkada,Greece,,NULL,NULL,NULL
Dytiki Elláda,Greece,,NULL,NULL,NULL
Aitoloakarnania,Greece,,NULL,NULL,NULL
Achaia,Greece,,NULL,NULL,NULL
Ileia,Greece,,NULL,NULL,NULL
Sterea Elláda,Greece,,NULL,NULL,NULL
Voiotia,Greece,,NULL,NULL,NULL
Evvoia,Greece,,NULL,NULL,NULL
Evrytania,Greece,,NULL,NULL,NULL
Fthiotida,Greece,,NULL,NULL,NULL
Fokida,Greece,,NULL,NULL,NULL
Peloponnisos,Greece,,NULL,NULL,NULL
"Argolida, Arkadia",Greece,,NULL,NULL,NULL
Korinthia,Greece,,NULL,NULL,NULL
"Lakonia, Messinia",Greece,,NULL,NULL,NULL
Spain,Spain,Madrid,Iberian Peninsula,Canary Islands,Balearic Islands
Noroeste,Spain,,NULL,NULL,NULL
Galicia,Spain,,NULL,NULL,NULL
Principado de Asturias,Spain,,NULL,NULL,NULL
Cantabria,Spain,,NULL,NULL,NULL
Noreste,Spain,,NULL,NULL,NULL
País Vasco,Spain,,NULL,NULL,NULL
Comunidad Foral de Navarra,Spain,,NULL,NULL,NULL
La Rioja,Spain,,NULL,NULL,NULL
Aragón,Spain,,NULL,NULL,NULL
Comunidad de Madrid,Spain,,NULL,NULL,NULL
Centro (ES),Spain,,NULL,NULL,NULL
Castilla y León,Spain,,NULL,NULL,NULL
Castilla-La Mancha,Spain,,NULL,NULL,NULL
Extremadura,Spain,,NULL,NULL,NULL
Este,Spain,,NULL,NULL,NULL
Cataluña,Spain,,NULL,NULL,NULL
Comunitat Valenciana,Spain,,NULL,NULL,NULL
Illes Balears,Spain,,NULL,NULL,NULL
Sur,Spain,,NULL,NULL,NULL
Andalucía,Spain,,NULL,NULL,NULL
Región de Murcia,Spain,,NULL,NULL,NULL
Ciudad de Ceuta,Spain,,NULL,NULL,NULL
Ciudad de Melilla,Spain,,NULL,NULL,NULL
Canarias,Spain,,NULL,NULL,NULL
France,France,Paris,North Atlantic,Indian Ocean,Rhine
Ile de France,France,,NULL,NULL,NULL
Centre — Val de Loire,France,,NULL,NULL,NULL
Bourgogne-Franche-Comté,France,,NULL,NULL,NULL
Bourgogne,France,,NULL,NULL,NULL
Franche-Comté,France,,NULL,NULL,NULL
Normandie,France,,NULL,NULL,NULL
Basse-Normandie,France,,NULL,NULL,NULL
Haute-Normandie,France,,NULL,NULL,NULL
Hauts-de-France,France,,NULL,NULL,NULL
Nord-Pas de Calais,France,,NULL,NULL,NULL
Picardie,France,,NULL,NULL,NULL
Grand Est,France,,NULL,NULL,NULL
Alsace,France,,NULL,NULL,NULL
Champagne-Ardenne,France,,NULL,NULL,NULL
Lorraine,France,,NULL,NULL,NULL
Pays de la Loire,France,,NULL,NULL,NULL
Bretagne,France,,NULL,NULL,NULL
Nouvelle-Aquitaine,France,,NULL,NULL,NULL
Aquitaine,France,,NULL,NULL,NULL
Limousin,France,,NULL,NULL,NULL
Poitou-Charentes,France,,NULL,NULL,NULL
Occitanie,France,,NULL,NULL,NULL
Languedoc-Roussillon,France,,NULL,NULL,NULL
Midi-Pyrénées,France,,NULL,NULL,NULL
Auvergne-Rhône-Alpes,France,,NULL,NULL,NULL
Auvergne,France,,NULL,NULL,NULL
Rhône-Alpes,France,,NULL,NULL,NULL
Provence-Alpes-Côte d’Azur,France,,NULL,NULL,NULL
Corse,France,,NULL,NULL,NULL
RUP FR — Régions Ultrapériphériques Françaises,France,,NULL,NULL,NULL
Guadeloupe,France,,NULL,NULL,NULL
Martinique,France,,NULL,NULL,NULL
Guyane,France,,NULL,NULL,NULL
La Réunion,France,,NULL,NULL,NULL
Mayotte,France,,NULL,NULL,NULL
Croatia,Croatia,Zagreb,Adriatic Sea,Southeast Europe,NULL
Hrvatska,Croatia,,NULL,NULL,NULL
Panonska Hrvatska,Croatia,,NULL,NULL,NULL
Bjelovarsko-bilogorska županija,Croatia,,NULL,NULL,NULL
Virovitičko-podravska županija,Croatia,,NULL,NULL,NULL
Požeško-slavonska županija,Croatia,,NULL,NULL,NULL
Brodsko-posavska županija,Croatia,,NULL,NULL,NULL
Osječko-baranjska županija,Croatia,,NULL,NULL,NULL
Vukovarsko-srijemska županija,Croatia,,NULL,NULL,NULL
Karlovačka županija,Croatia,,NULL,NULL,NULL
Sisačko-moslavačka županija,Croatia,,NULL,NULL,NULL
Jadranska Hrvatska,Croatia,,NULL,NULL,NULL
Primorsko-goranska županija,Croatia,,NULL,NULL,NULL
Ličko-senjska županija,Croatia,,NULL,NULL,NULL
Zadarska županija,Croatia,,NULL,NULL,NULL
Šibensko-kninska županija,Croatia,,NULL,NULL,NULL
Splitsko-dalmatinska županija,Croatia,,NULL,NULL,NULL
Istarska županija,Croatia,,NULL,NULL,NULL
Dubrovačko-neretvanska županija,Croatia,,NULL,NULL,NULL
Grad Zagreb,Croatia,,NULL,NULL,NULL
Grad Zagreb,Croatia,,NULL,NULL,NULL
Sjeverna Hrvatska,Croatia,,NULL,NULL,NULL
Međimurska županija,Croatia,,NULL,NULL,NULL
Varaždinska županija,Croatia,,NULL,NULL,NULL
Koprivničko-križevačka županija,Croatia,,NULL,NULL,NULL
Krapinsko-zagorska županija,Croatia,,NULL,NULL,NULL
Zagrebačka županija,Croatia,,NULL,NULL,NULL
Italy,Italy,Rome,Mediterranean Sea,Vatican City,San Marino
Nord-Ovest,Italy,,NULL,NULL,NULL
Piemonte,Italy,,NULL,NULL,NULL
Torino,Italy,,NULL,NULL,NULL
Vercelli,Italy,,NULL,NULL,NULL
Biella,Italy,,NULL,NULL,NULL
Verbano-Cusio-Ossola,Italy,,NULL,NULL,NULL
Novara,Italy,,NULL,NULL,NULL
Cuneo,Italy,,NULL,NULL,NULL
Asti,Italy,,NULL,NULL,NULL
Alessandria,Italy,,NULL,NULL,NULL
Valle d’Aosta/Vallée d’Aoste,Italy,,NULL,NULL,NULL
Valle d’Aosta/Vallée d’Aoste,Italy,,NULL,NULL,NULL
Liguria,Italy,,NULL,NULL,NULL
Imperia,Italy,,NULL,NULL,NULL
Savona,Italy,,NULL,NULL,NULL
Genova,Italy,,NULL,NULL,NULL
La Spezia,Italy,,NULL,NULL,NULL
Lombardia,Italy,,NULL,NULL,NULL
Varese,Italy,,NULL,NULL,NULL
Como,Italy,,NULL,NULL,NULL
Lecco,Italy,,NULL,NULL,NULL
Sondrio,Italy,,NULL,NULL,NULL
Bergamo,Italy,,NULL,NULL,NULL
Brescia,Italy,,NULL,NULL,NULL
Pavia,Italy,,NULL,NULL,NULL
Lodi,Italy,,NULL,NULL,NULL
Cremona,Italy,,NULL,NULL,NULL
Mantova,Italy,,NULL,NULL,NULL
Milano,Italy,,NULL,NULL,NULL
Monza e della Brianza,Italy,,NULL,NULL,NULL
Sud,Italy,,NULL,NULL,NULL
Abruzzo,Italy,,NULL,NULL,NULL
L’Aquila,Italy,,NULL,NULL,NULL
Teramo,Italy,,NULL,NULL,NULL
Pescara,Italy,,NULL,NULL,NULL
Chieti,Italy,,NULL,NULL,NULL
Molise,Italy,,NULL,NULL,NULL
Isernia,Italy,,NULL,NULL,NULL
Campobasso,Italy,,NULL,NULL,NULL
Campania,Italy,,NULL,NULL,NULL
Caserta,Italy,,NULL,NULL,NULL
Benevento,Italy,,NULL,NULL,NULL
Napoli,Italy,,NULL,NULL,NULL
Avellino,Italy,,NULL,NULL,NULL
Salerno,Italy,,NULL,NULL,NULL
Puglia,Italy,,NULL,NULL,NULL
Taranto,Italy,,NULL,NULL,NULL
Brindisi,Italy,,NULL,NULL,NULL
Lecce,Italy,,NULL,NULL,NULL
Foggia,Italy,,NULL,NULL,NULL
Bari,Italy,,NULL,NULL,NULL
Barletta-Andria-Trani,Italy,,NULL,NULL,NULL
Basilicata,Italy,,NULL,NULL,NULL
Potenza,Italy,,NULL,NULL,NULL
Matera,Italy,,NULL,NULL,NULL
Calabria,Italy,,NULL,NULL,NULL
Cosenza,Italy,,NULL,NULL,NULL
Crotone,Italy,,NULL,NULL,NULL
Catanzaro,Italy,,NULL,NULL,NULL
Vibo Valentia,Italy,,NULL,NULL,NULL
Reggio Calabria,Italy,,NULL,NULL,NULL
Isole,Italy,,NULL,NULL,NULL
Sicilia,Italy,,NULL,NULL,NULL
Trapani,Italy,,NULL,NULL,NULL
Palermo,Italy,,NULL,NULL,NULL
Messina,Italy,,NULL,NULL,NULL
Agrigento,Italy,,NULL,NULL,NULL
Caltanissetta,Italy,,NULL,NULL,NULL
Enna,Italy,,NULL,NULL,NULL
Catania,Italy,,NULL,NULL,NULL
Ragusa,Italy,,NULL,NULL,NULL
Siracusa,Italy,,NULL,NULL,NULL
Sardegna,Italy,,NULL,NULL,NULL
Sassari,Italy,,NULL,NULL,NULL
Nuoro,Italy,,NULL,NULL,NULL
Cagliari,Italy,,NULL,NULL,NULL
Oristano,Italy,,NULL,NULL,NULL
Sud Sardegna,Italy,,NULL,NULL,NULL
Nord-Est,Italy,,NULL,NULL,NULL
Provincia Autonoma di Bolzano/Bozen,Italy,,NULL,NULL,NULL
Bolzano-Bozen,Italy,,NULL,NULL,NULL
Provincia Autonoma di Trento,Italy,,NULL,NULL,NULL
Trento,Italy,,NULL,NULL,NULL
Veneto,Italy,,NULL,NULL,NULL
Verona,Italy,,NULL,NULL,NULL
Vicenza,Italy,,NULL,NULL,NULL
Belluno,Italy,,NULL,NULL,NULL
Treviso,Italy,,NULL,NULL,NULL
Venezia,Italy,,NULL,NULL,NULL
Padova,Italy,,NULL,NULL,NULL
Rovigo,Italy,,NULL,NULL,NULL
Friuli-Venezia Giulia,Italy,,NULL,NULL,NULL
Pordenone,Italy,,NULL,NULL,NULL
Udine,Italy,,NULL,NULL,NULL
Gorizia,Italy,,NULL,NULL,NULL
Trieste,Italy,,NULL,NULL,NULL
Emilia-Romagna,Italy,,NULL,NULL,NULL
Piacenza,Italy,,NULL,NULL,NULL
Parma,Italy,,NULL,NULL,NULL
Reggio nell’Emilia,Italy,,NULL,NULL,NULL
Modena,Italy,,NULL,NULL,NULL
Bologna,Italy,,NULL,NULL,NULL
Ferrara,Italy,,NULL,NULL,NULL
Ravenna,Italy,,NULL,NULL,NULL
Forlì-Cesena,Italy,,NULL,NULL,NULL
Rimini,Italy,,NULL,NULL,NULL
Centro (IT),Italy,,NULL,NULL,NULL
Toscana,Italy,,NULL,NULL,NULL
Massa-Carrara,Italy,,NULL,NULL,NULL
Lucca,Italy,,NULL,NULL,NULL
Pistoia,Italy,,NULL,NULL,NULL
Firenze,Italy,,NULL,NULL,NULL
Prato,Italy,,NULL,NULL,NULL
Livorno,Italy,,NULL,NULL,NULL
Pisa,Italy,,NULL,NULL,NULL
Arezzo,Italy,,NULL,NULL,NULL
Siena,Italy,,NULL,NULL,NULL
Grosseto,Italy,,NULL,NULL,NULL
Umbria,Italy,,NULL,NULL,NULL
Perugia,Italy,,NULL,NULL,NULL
Terni,Italy,,NULL,NULL,NULL
Marche,Italy,,NULL,NULL,NULL
Pesaro e Urbino,Italy,,NULL,NULL,NULL
Ancona,Italy,,NULL,NULL,NULL
Macerata,Italy,,NULL,NULL,NULL
Ascoli Piceno,Italy,,NULL,NULL,NULL
Fermo,Italy,,NULL,NULL,NULL
Lazio,Italy,,NULL,NULL,NULL
Viterbo,Italy,,NULL,NULL,NULL
Rieti,Italy,,NULL,NULL,NULL
Roma,Italy,,NULL,NULL,NULL
Latina,Italy,,NULL,NULL,NULL
Frosinone,Italy,,NULL,NULL,NULL
Cyprus,Cyprus,Nicosia,Levant,British,Mediterranean
Kýpros,Cyprus,,NULL,NULL,NULL
Latvia,Latvia,Riga,Baltic,Balts,NULL
Latvija,Latvia,,NULL,NULL,NULL
Latgale,Latvia,,NULL,NULL,NULL
Zemgale,Latvia,,NULL,NULL,NULL
Rīga,Latvia,,NULL,NULL,NULL
Kurzeme,Latvia,,NULL,NULL,NULL
Vidzeme,Latvia,,NULL,NULL,NULL
Lithuania,Lithuania,Vilnius,Baltic,Baltic Sea,Russian
Lietuva,Lithuania,,NULL,NULL,NULL
Sostinės regionas,Lithuania,,NULL,NULL,NULL
Vilniaus apskritis,Lithuania,,NULL,NULL,NULL
Vidurio ir vakarų Lietuvos regionas,Lithuania,,NULL,NULL,NULL
Alytaus apskritis,Lithuania,,NULL,NULL,NULL
Kauno apskritis,Lithuania,,NULL,NULL,NULL
Klaipėdos apskritis,Lithuania,,NULL,NULL,NULL
Marijampolės apskritis,Lithuania,,NULL,NULL,NULL
Panevėžio apskritis,Lithuania,,NULL,NULL,NULL
Šiaulių apskritis,Lithuania,,NULL,NULL,NULL
Tauragės apskritis,Lithuania,,NULL,NULL,NULL
Telšių apskritis,Lithuania,,NULL,NULL,NULL
Utenos apskritis,Lithuania,,NULL,NULL,NULL
Luxembourg,Luxembourg,Luxembourg City,Grand Duchy of Luxembourg,Court of Justice,Grand Duchy
Luxembourg,Luxembourg,Luxembourg City,Grand Duchy of Luxembourg,Court of Justice,Grand Duchy
Hungary,Hungary,Budapest,Carpathian Basin,Danube River,NULL
Közép-Magyarország,Hungary,,NULL,NULL,NULL
Budapest,Hungary,,NULL,NULL,NULL
Budapest,Hungary,,NULL,NULL,NULL
Pest,Hungary,,NULL,NULL,NULL
Pest,Hungary,,NULL,NULL,NULL
Dunántúl,Hungary,,NULL,NULL,NULL
Közép-Dunántúl,Hungary,,NULL,NULL,NULL
Fejér,Hungary,,NULL,NULL,NULL
Komárom-Esztergom,Hungary,,NULL,NULL,NULL
Veszprém,Hungary,,NULL,NULL,NULL
Nyugat-Dunántúl,Hungary,,NULL,NULL,NULL
Győr-Moson-Sopron,Hungary,,NULL,NULL,NULL
Vas,Hungary,,NULL,NULL,NULL
Zala,Hungary,,NULL,NULL,NULL
Dél-Dunántúl,Hungary,,NULL,NULL,NULL
Baranya,Hungary,,NULL,NULL,NULL
Somogy,Hungary,,NULL,NULL,NULL
Tolna,Hungary,,NULL,NULL,NULL
Alföld és Észak,Hungary,,NULL,NULL,NULL
Észak-Magyarország,Hungary,,NULL,NULL,NULL
Borsod-Abaúj-Zemplén,Hungary,,NULL,NULL,NULL
Heves,Hungary,,NULL,NULL,NULL
Nógrád,Hungary,,NULL,NULL,NULL
Észak-Alföld,Hungary,,NULL,NULL,NULL
Hajdú-Bihar,Hungary,,NULL,NULL,NULL
Jász-Nagykun-Szolnok,Hungary,,NULL,NULL,NULL
Szabolcs-Szatmár-Bereg,Hungary,,NULL,NULL,NULL
Dél-Alföld,Hungary,,NULL,NULL,NULL
Bács-Kiskun,Hungary,,NULL,NULL,NULL
Békés,Hungary,,NULL,NULL,NULL
Csongrád-Csanád,Hungary,,NULL,NULL,NULL
Malta,Malta,Valletta,Mediterranean Sea,North Africa,NULL
Netherlands,Netherlands,Amsterdam,Caribbean,North Sea,Northwestern Europe
Noord-Nederland,Netherlands,,NULL,NULL,NULL
Groningen,Netherlands,,NULL,NULL,NULL
Friesland (NL),Netherlands,,NULL,NULL,NULL
Drenthe,Netherlands,,NULL,NULL,NULL
Oost-Nederland,Netherlands,,NULL,NULL,NULL
Overijssel,Netherlands,,NULL,NULL,NULL
Gelderland,Netherlands,,NULL,NULL,NULL
Flevoland,Netherlands,,NULL,NULL,NULL
West-Nederland,Netherlands,,NULL,NULL,NULL
Utrecht (NUTS 2021),Netherlands,,NULL,NULL,NULL
Noord-Holland,Netherlands,,NULL,NULL,NULL
Zuid-Holland (NUTS 2021),Netherlands,,NULL,NULL,NULL
Zeeland,Netherlands,,NULL,NULL,NULL
Utrecht,Netherlands,,NULL,NULL,NULL
Zuid-Holland,Netherlands,,NULL,NULL,NULL
Zuid-Nederland,Netherlands,,NULL,NULL,NULL
Noord-Brabant,Netherlands,,NULL,NULL,NULL
Limburg (NL),Netherlands,,NULL,NULL,NULL
Austria,Austria,Vienna,NULL,NULL,NULL
Ostösterreich,Austria,,NULL,NULL,NULL
Burgenland,Austria,,NULL,NULL,NULL
Niederösterreich,Austria,,NULL,NULL,NULL
Wien,Austria,,NULL,NULL,NULL
Südösterreich,Austria,,NULL,NULL,NULL
Kärnten,Austria,,NULL,NULL,NULL
Steiermark,Austria,,NULL,NULL,NULL
Westösterreich,Austria,,NULL,NULL,NULL
Oberösterreich,Austria,,NULL,NULL,NULL
Salzburg,Austria,,NULL,NULL,NULL
Tirol,Austria,,NULL,NULL,NULL
Vorarlberg,Austria,,NULL,NULL,NULL
Poland,Poland,Warsaw,Baltic Sea,Sudetes,Carpathian Mountains
Makroregion południowy,Poland,,NULL,NULL,NULL
Małopolskie,Poland,,NULL,NULL,NULL
Śląskie,Poland,,NULL,NULL,NULL
Makroregion północno-zachodni,Poland,,NULL,NULL,NULL
Wielkopolskie,Poland,,NULL,NULL,NULL
Zachodniopomorskie,Poland,,NULL,NULL,NULL
Lubuskie,Poland,,NULL,NULL,NULL
Makroregion południowo-zachodni,Poland,,NULL,NULL,NULL
Dolnośląskie,Poland,,NULL,NULL,NULL
Opolskie,Poland,,NULL,NULL,NULL
Makroregion północny,Poland,,NULL,NULL,NULL
Kujawsko-pomorskie,Poland,,NULL,NULL,NULL
Warmińsko-mazurskie,Poland,,NULL,NULL,NULL
Pomorskie,Poland,,NULL,NULL,NULL
Makroregion centralny,Poland,,NULL,NULL,NULL
Łódzkie,Poland,,NULL,NULL,NULL
Świętokrzyskie,Poland,,NULL,NULL,NULL
Makroregion wschodni,Poland,,NULL,NULL,NULL
Lubelskie,Poland,,NULL,NULL,NULL
Podkarpackie,Poland,,NULL,NULL,NULL
Podlaskie,Poland,,NULL,NULL,NULL
Makroregion województwo mazowieckie,Poland,,NULL,NULL,NULL
Warszawski stołeczny,Poland,,NULL,NULL,NULL
Mazowiecki regionalny,Poland,,NULL,NULL,NULL
Portugal,Portugal,Lisbon,Portuguese Republic,Iberian Peninsula,Azores
Continente,Portugal,,NULL,NULL,NULL
Norte,Portugal,,NULL,NULL,NULL
Alto Minho,Portugal,,NULL,NULL,NULL
Cávado,Portugal,,NULL,NULL,NULL
Ave,Portugal,,NULL,NULL,NULL
Área Metropolitana do Porto,Portugal,,NULL,NULL,NULL
Alto Tâmega e Barroso,Portugal,,NULL,NULL,NULL
Tâmega e Sousa,Portugal,,NULL,NULL,NULL
Douro,Portugal,,NULL,NULL,NULL
Terras de Trás-os-Montes,Portugal,,NULL,NULL,NULL
Algarve,Portugal,,NULL,NULL,NULL
Algarve,Portugal,,NULL,NULL,NULL
Centro (PT) (NUTS 2021),Portugal,,NULL,NULL,NULL
Área Metropolitana de Lisboa (NUTS 2021),Portugal,,NULL,NULL,NULL
Alentejo (NUTS 2021),Portugal,,NULL,NULL,NULL
Centro (PT),Portugal,,NULL,NULL,NULL
Região de Aveiro,Portugal,,NULL,NULL,NULL
Região de Coimbra,Portugal,,NULL,NULL,NULL
Região de Leiria,Portugal,,NULL,NULL,NULL
Viseu Dão Lafões,Portugal,,NULL,NULL,NULL
Beira Baixa,Portugal,,NULL,NULL,NULL
Beiras e Serra da Estrela,Portugal,,NULL,NULL,NULL
Grande Lisboa,Portugal,,NULL,NULL,NULL
Península de Setúbal,Portugal,,NULL,NULL,NULL
Alentejo,Portugal,,NULL,NULL,NULL
Alentejo Litoral,Portugal,,NULL,NULL,NULL
Baixo Alentejo,Portugal,,NULL,NULL,NULL
Alto Alentejo,Portugal,,NULL,NULL,NULL
Alentejo Central,Portugal,,NULL,NULL,NULL
Oeste e Vale do Tejo,Portugal,,NULL,NULL,NULL
Oeste,Portugal,,NULL,NULL,NULL
Médio Tejo,Portugal,,NULL,NULL,NULL
Lezíria do Tejo,Portugal,,NULL,NULL,NULL
Região Autónoma dos Açores,Portugal,,NULL,NULL,NULL
Região Autónoma dos Açores,Portugal,,NULL,NULL,NULL
Região Autónoma da Madeira,Portugal,,NULL,NULL,NULL
Região Autónoma da Madeira,Portugal,,NULL,NULL,NULL
Romania,Romania,Bucharest,Danube,Balkan Peninsula,Black Sea
Macroregiunea Unu,Romania,,NULL,NULL,NULL
Nord-Vest,Romania,,NULL,NULL,NULL
Centru,Romania,,NULL,NULL,NULL
Macroregiunea Doi,Romania,,NULL,NULL,NULL
Nord-Est,Romania,,NULL,NULL,NULL
Sud-Est,Romania,,NULL,NULL,NULL
Macroregiunea Trei,Romania,,NULL,NULL,NULL
Sud-Muntenia,Romania,,NULL,NULL,NULL
Bucureşti-Ilfov,Romania,,NULL,NULL,NULL
Macroregiunea Patru,Romania,,NULL,NULL,NULL
Sud-Vest Oltenia,Romania,,NULL,NULL,NULL
Vest,Romania,,NULL,NULL,NULL
Slovenia,Slovenia,Ljubljana,Adriatic Sea,Slovene Littoral,Julian Alps
Slovenija,Slovenia,,NULL,NULL,NULL
Vzhodna Slovenija,Slovenia,,NULL,NULL,NULL
Pomurska,Slovenia,,NULL,NULL,NULL
Podravska,Slovenia,,NULL,NULL,NULL
Koroška,Slovenia,,NULL,NULL,NULL
Savinjska,Slovenia,,NULL,NULL,NULL
Zasavska,Slovenia,,NULL,NULL,NULL
Posavska,Slovenia,,NULL,NULL,NULL
Jugovzhodna Slovenija,Slovenia,,NULL,NULL,NULL
Primorsko-notranjska,Slovenia,,NULL,NULL,NULL
Zahodna Slovenija,Slovenia,,NULL,NULL,NULL
Osrednjeslovenska,Slovenia,,NULL,NULL,NULL
Gorenjska,Slovenia,,NULL,NULL,NULL
Goriška,Slovenia,,NULL,NULL,NULL
Obalno-kraška,Slovenia,,NULL,NULL,NULL
Slovakia,Slovakia,Bratislava,Slovak Republic,NULL,NULL
Slovensko,Slovakia,,NULL,NULL,NULL
Bratislavský kraj,Slovakia,,NULL,NULL,NULL
Bratislavský kraj,Slovakia,,NULL,NULL,NULL
Západné Slovensko,Slovakia,,NULL,NULL,NULL
Trnavský kraj,Slovakia,,NULL,NULL,NULL
Trenčiansky kraj,Slovakia,,NULL,NULL,NULL
Nitriansky kraj,Slovakia,,NULL,NULL,NULL
Stredné Slovensko,Slovakia,,NULL,NULL,NULL
Žilinský kraj,Slovakia,,NULL,NULL,NULL
Banskobystrický kraj,Slovakia,,NULL,NULL,NULL
Východné Slovensko,Slovakia,,NULL,NULL,NULL
Prešovský kraj,Slovakia,,NULL,NULL,NULL
Košický kraj,Slovakia,,NULL,NULL,NULL
Finland,Finland,Helsinki,Gulf of Bothnia,Gulf of Finland,NULL
Manner-Suomi,Finland,,NULL,NULL,NULL
Länsi-Suomi,Finland,,NULL,NULL,NULL
Satakunta,Finland,,NULL,NULL,NULL
Keski-Suomi,Finland,,NULL,NULL,NULL
Etelä-Pohjanmaa,Finland,,NULL,NULL,NULL
Pohjanmaa,Finland,,NULL,NULL,NULL
Pirkanmaa,Finland,,NULL,NULL,NULL
Helsinki-Uusimaa,Finland,,NULL,NULL,NULL
Helsinki-Uusimaa,Finland,,NULL,NULL,NULL
Etelä-Suomi,Finland,,NULL,NULL,NULL
Varsinais-Suomi,Finland,,NULL,NULL,NULL
Kanta-Häme,Finland,,NULL,NULL,NULL
Etelä-Karjala,Finland,,NULL,NULL,NULL
Päijät-Häme,Finland,,NULL,NULL,NULL
Kymenlaakso,Finland,,NULL,NULL,NULL
Pohjois- ja Itä-Suomi,Finland,,NULL,NULL,NULL
Keski-Pohjanmaa,Finland,,NULL,NULL,NULL
Lappi,Finland,,NULL,NULL,NULL
Kainuu,Finland,,NULL,NULL,NULL
Pohjois-Pohjanmaa,Finland,,NULL,NULL,NULL
Etelä-Savo,Finland,,NULL,NULL,NULL
Pohjois-Savo,Finland,,NULL,NULL,NULL
Pohjois-Karjala,Finland,,NULL,NULL,NULL
Åland,Finland,,NULL,NULL,NULL
Åland,Finland,,NULL,NULL,NULL
Sweden,Sweden,Stockholm,Scandinavian Peninsula,NULL,NULL
Östra Sverige,Sweden,,NULL,NULL,NULL
Stockholm,Sweden,,NULL,NULL,NULL
Stockholms län,Sweden,,NULL,NULL,NULL
Östra Mellansverige,Sweden,,NULL,NULL,NULL
Uppsala län,Sweden,,NULL,NULL,NULL
Södermanlands län,Sweden,,NULL,NULL,NULL
Östergötlands län,Sweden,,NULL,NULL,NULL
Örebro län,Sweden,,NULL,NULL,NULL
Västmanlands län,Sweden,,NULL,NULL,NULL
Södra Sverige,Sweden,,NULL,NULL,NULL
Småland med öarna,Sweden,,NULL,NULL,NULL
Jönköpings län,Sweden,,NULL,NULL,NULL
Kronobergs län,Sweden,,NULL,NULL,NULL
Kalmar län,Sweden,,NULL,NULL,NULL
Gotlands län,Sweden,,NULL,NULL,NULL
Sydsverige,Sweden,,NULL,NULL,NULL
Blekinge län,Sweden,,NULL,NULL,NULL
Skåne län,Sweden,,NULL,NULL,NULL
Västsverige,Sweden,,NULL,NULL,NULL
Hallands län,Sweden,,NULL,NULL,NULL
Västra Götalands län,Sweden,,NULL,NULL,NULL
Norra Sverige,Sweden,,NULL,NULL,NULL
Norra Mellansverige,Sweden,,NULL,NULL,NULL
Värmlands län,Sweden,,NULL,NULL,NULL
Dalarnas län,Sweden,,NULL,NULL,NULL
Gävleborgs län,Sweden,,NULL,NULL,NULL
Mellersta Norrland,Sweden,,NULL,NULL,NULL
Västernorrlands län,Sweden,,NULL,NULL,NULL
Jämtlands län,Sweden,,NULL,NULL,NULL
Övre Norrland,Sweden,,NULL,NULL,NULL
Västerbottens län,Sweden,,NULL,NULL,NULL
Norrbottens län,Sweden,,NULL,NULL,NULL
Iceland,Iceland,Reykjavik,Arctic Ocean,North Atlantic Ocean,Gulf Stream
Ísland,Iceland,,NULL,NULL,NULL
Liechtenstein,Liechtenstein,Vaduz,Principality of Liechtenstein,NULL,NULL
Liechtenstein,Liechtenstein,Vaduz,Principality of Liechtenstein,NULL,NULL
Norway,Norway,Oslo,Scandinavian Peninsula,Subantarctic,Antarctic
Norge,Norway,,NULL,NULL,NULL
Innlandet,Norway,,NULL,NULL,NULL
Innlandet,Norway,,NULL,NULL,NULL
Trøndelag,Norway,,NULL,NULL,NULL
Trøndelag/Trööndelage,Norway,,NULL,NULL,NULL
Nord-Norge,Norway,,NULL,NULL,NULL
Nordland/Nordlánnda,Norway,,NULL,NULL,NULL
Troms/Romsa/Tromssa,Norway,,NULL,NULL,NULL
Finnmark/Finnmárku/Finmarkku,Norway,,NULL,NULL,NULL
Oslo og Viken,Norway,,NULL,NULL,NULL
Oslo,Norway,,NULL,NULL,NULL
Østfold,Norway,,NULL,NULL,NULL
Akershus,Norway,,NULL,NULL,NULL
Buskerud,Norway,,NULL,NULL,NULL
Agder og Sør-Østlandet,Norway,,NULL,NULL,NULL
Agder,Norway,,NULL,NULL,NULL
Vestfold,Norway,,NULL,NULL,NULL
Telemark,Norway,,NULL,NULL,NULL
Vestlandet,Norway,,NULL,NULL,NULL
Rogaland,Norway,,NULL,NULL,NULL
Vestland,Norway,,NULL,NULL,NULL
Møre og Romsdal,Norway,,NULL,NULL,NULL
Svalbard og Jan Mayen,Norway,,NULL,NULL,NULL
Jan Mayen,Norway,,NULL,NULL,NULL
Svalbard,Norway,,NULL,NULL,NULL
Switzerland,Switzerland,Bern,Swiss Confederation,Swiss Alps,Swiss Plateau
Schweiz/Suisse/Svizzera,Switzerland,,NULL,NULL,NULL
Région lémanique,Switzerland,,NULL,NULL,NULL
Espace Mittelland,Switzerland,,NULL,NULL,NULL
Nordwestschweiz,Switzerland,,NULL,NULL,NULL
Zürich,Switzerland,,NULL,NULL,NULL
Ostschweiz,Switzerland,,NULL,NULL,NULL
Zentralschweiz,Switzerland,,NULL,NULL,NULL
Ticino,Switzerland,,NULL,NULL,NULL
Montenegro,Montenegro,Podgorica,Balkan Peninsula,Adriatic Sea,Southeast Europe
Crna Gora,Montenegro,,NULL,NULL,NULL
North Macedonia,North Macedonia,Skopje,Southeast Europe,South Slavic,NULL
Severna Makedonija,North Macedonia,,NULL,NULL,NULL
Vardarski,North Macedonia,,NULL,NULL,NULL
Istočen,North Macedonia,,NULL,NULL,NULL
Jugozapaden,North Macedonia,,NULL,NULL,NULL
Jugoistočen,North Macedonia,,NULL,NULL,NULL
Pelagoniski,North Macedonia,,NULL,NULL,NULL
Pološki,North Macedonia,,NULL,NULL,NULL
Severoistočen,North Macedonia,,NULL,NULL,NULL
Skopski,North Macedonia,,NULL,NULL,NULL
Albania,Albania,Tirana,Balkans,Adriatic,Mediterranean Sea
Shqipëria,Albania,,NULL,NULL,NULL
Veri,Albania,,NULL,NULL,NULL
Qender,Albania,,NULL,NULL,NULL
Jug,Albania,,NULL,NULL,NULL
Serbia,Serbia,Belgrade,Balkans,North Macedonia,NULL
Srbija - sever,Serbia,,NULL,NULL,NULL
Beogradski region,Serbia,,NULL,NULL,NULL
Region Vojvodine,Serbia,,NULL,NULL,NULL
Srbija - jug,Serbia,,NULL,NULL,NULL
Region Sumadije i Zapadne Srbije,Serbia,,NULL,NULL,NULL
Region Juzne i Istocne Srbije,Serbia,,NULL,NULL,NULL
Special value,Serbia,,NULL,NULL,NULL
:,Serbia,,NULL,NULL,NULL
