region,country,capital
European Union - 27 countries (from 2020),Unknown,NULL
"Euro area (EA11-1999, EA12-2001, EA13-2007, EA15-2008, EA16-2009, EA17-2011, EA18-2014, EA19-2015, EA20-2023, EA21-2026)",Unknown,NULL
Euro area – 20 countries (2023-2025),Unknown,NULL
Euro area - 19 countries  (2015-2022),Unknown,NULL
Belgium,Belgium,Brussels
Région de Bruxelles-Capitale/Brussels Hoofdstedelijk Gewest,Belgium,City of Brussels
Arr. de Bruxelles-Capitale/Arr. Brussel-Hoofdstad,Belgium,NULL
Vlaams Gewest,Belgium,City of Brussels
Prov. Antwerpen,Belgium,and largest city of Antwerp Province
Arr. Antwerpen,Belgium,and largest city of Antwerp Province
Arr. Mechelen,Belgium,Mechelen
Arr. Turnhout,Belgium,the administrative district with the same name
Prov. Limburg (BE),Belgium,NULL
Arr. Tongeren,Belgium,the Civitas Tungrorum district
Arr. Hasselt,Belgium,and largest city of the province of Limburg in the Flemish Region of Belgium
Arr. Maaseik,Belgium,Maaseik
Prov. Oost-Vlaanderen,Belgium,Ghent
Arr. Aalst,Belgium,NULL
Arr. Dendermonde,Belgium,Dendermonde
Arr. Eeklo,Belgium,Eeklo
Arr. Gent,Belgium,NULL
Arr. Oudenaarde,Belgium,Oudenaarde
Arr. Sint-Niklaas,Belgium,NULL
Prov. Vlaams-Brabant,Belgium,Leuven
Arr. Halle-Vilvoorde,Belgium,Region
Arr. Leuven,Belgium,and largest city of the province of Flemish Brabant in the Flemish Region of Belgium
Prov. West-Vlaanderen,Belgium,Bruges
Arr. Brugge,Belgium,and largest city of the province of West Flanders
Arr. Diksmuide,Belgium,Diksmuide
Arr. Ieper,Belgium,Ieper
Arr. Kortrijk,Belgium,Kortrijk
Arr. Oostende,Belgium,Oostende
Arr. Roeselare,Belgium,Roeselare
Arr. Tielt,Belgium,Tielt
Arr. Veurne,Belgium,Veurne
Région wallonne,Belgium,Namur
Prov. Brabant wallon,Belgium,Wavre
Arr. Nivelles,Belgium,Nivelles
Prov. Hainaut,Belgium,NULL
Arr. Mons,Belgium,Mons
Arr. Tournai-Mouscron,Belgium,Tournai-Mouscron
Arr. La Louvière,Belgium,La Louvière
Arr. Ath,Belgium,Ath
Arr. Charleroi,Belgium,Charleroi
Arr. Soignies,Belgium,Soignies
Arr. Thuin,Belgium,Thuin
Prov. Liège,Belgium,the eponymous province
Arr. Huy,Belgium,Huy
Arr. Liège,Belgium,the eponymous province
Arr. Waremme,Belgium,Waremme
Arr. Verviers — communes francophones,Belgium,NULL
Bezirk Verviers — Deutschsprachige Gemeinschaft,Belgium,Eupen
Prov. Luxembourg (BE),Belgium,Luxembourg City
Arr. Arlon,Belgium,the province of Luxembourg in Lorraine
Arr. Bastogne,Belgium,Bastogne
Arr. Marche-en-Famenne,Belgium,Marche-en-Famenne
Arr. Neufchâteau,Belgium,NULL
Arr. Virton,Belgium,the district
Prov. Namur,Belgium,both of the province of Namur and of Wallonia
Arr. Dinant,Belgium,Dinant
Arr. Namur,Belgium,both of the province of Namur and of Wallonia
Arr. Philippeville,Belgium,Philippeville
Bulgaria,Bulgaria,Sofia
Severna i Yugoiztochna Bulgaria,Bulgaria,NULL
Severozapaden,Bulgaria,Pleven
Severen tsentralen,Bulgaria,"Ruse, Bulgaria"
Severoiztochen,Bulgaria,"Varna, Bulgaria"
Yugoiztochen,Bulgaria,Burgas
Yugozapadna i Yuzhna tsentralna Bulgaria,Bulgaria,NULL
Yugozapaden,Bulgaria,Sofia
Yuzhen tsentralen,Bulgaria,Plovdiv
Czechia,Czechia,Prague
Česko,Czechia,Prague
Praha,Czechia,Bohemia
Hlavní město Praha,Czechia,Bohemia
Střední Čechy,Czechia,Prague
Středočeský kraj,Czechia,Prague
Jihozápad,Czechia,NULL
Jihočeský kraj,Czechia,České Budějovice
Plzeňský kraj,Czechia,Plzeň
Severozápad,Czechia,NULL
Karlovarský kraj,Czechia,Karlovy Vary
Ústecký kraj,Czechia,Ústí nad Labem
Severovýchod,Czechia,NULL
Liberecký kraj,Czechia,Liberec
Královéhradecký kraj,Czechia,Hradec Králové
Pardubický kraj,Czechia,Pardubice
Jihovýchod,Czechia,NULL
Kraj Vysočina,Czechia,Jihlava
Jihomoravský kraj,Czechia,Brno
Střední Morava,Czechia,NULL
Olomoucký kraj,Czechia,Olomouc
Zlínský kraj,Czechia,Zlín
Moravskoslezsko,Czechia,Ostrava
Moravskoslezský kraj,Czechia,Ostrava
Denmark,Denmark,Copenhagen
Danmark,Denmark,NULL
Hovedstaden,Denmark,Hillerød
Sjælland,Denmark,NULL
Syddanmark,Denmark,Vejle
Midtjylland,Denmark,NULL
Nordjylland,Denmark,NULL
Germany,Germany,Berlin
Baden-Württemberg,Germany,Stuttgart
Stuttgart,Germany,and largest city of the German state of Baden-Württemberg
Karlsruhe,Germany,Baden
Freiburg,Germany,Freiburg
Tübingen,Germany,Stuttgart
Bayern,Germany,Munich
Oberbayern,Germany,Munich
Niederbayern,Germany,Landshut
Oberpfalz,Germany,Regensburg
Oberfranken,Germany,NULL
Mittelfranken,Germany,NULL
Unterfranken,Germany,NULL
Schwaben,Germany,NULL
Berlin,Germany,NULL
Brandenburg,Germany,NULL
Bremen,Germany,NULL
Hamburg,Germany,NULL
Hessen,Germany,NULL
Darmstadt,Germany,NULL
Gießen,Germany,NULL
Kassel,Germany,NULL
Mecklenburg-Vorpommern,Germany,NULL
Niedersachsen,Germany,NULL
Braunschweig,Germany,NULL
Hannover,Germany,NULL
Lüneburg,Germany,NULL
Weser-Ems,Germany,NULL
Nordrhein-Westfalen,Germany,NULL
Düsseldorf,Germany,NULL
Köln,Germany,NULL
Münster,Germany,NULL
Detmold,Germany,NULL
Arnsberg,Germany,NULL
Rheinland-Pfalz,Germany,NULL
Koblenz,Germany,NULL
Trier,Germany,NULL
Rheinhessen-Pfalz,Germany,NULL
Saarland,Germany,NULL
Sachsen,Germany,NULL
Dresden,Germany,NULL
Chemnitz,Germany,NULL
Leipzig,Germany,NULL
Sachsen-Anhalt,Germany,NULL
Schleswig-Holstein,Germany,NULL
Thüringen,Germany,NULL
Estonia,Estonia,Tallinn
Eesti,Estonia,NULL
Põhja-Eesti,Estonia,NULL
Lääne-Eesti,Estonia,NULL
Lõuna-Eesti,Estonia,NULL
Kesk-Eesti,Estonia,NULL
Kirde-Eesti,Estonia,NULL
Ireland,Ireland,Dublin
Northern and Western,Ireland,NULL
Southern,Ireland,NULL
Eastern and Midland,Ireland,NULL
Greece,Greece,Athens
Attiki,Greece,NULL
Voreios Tomeas Athinon,Greece,NULL
Dytikos Tomeas Athinon,Greece,NULL
Kentrikos Tomeas Athinon,Greece,NULL
Notios Tomeas Athinon,Greece,NULL
Anatoliki Attiki,Greece,NULL
Dytiki Attiki,Greece,NULL
"Peiraias, Nisoi",Greece,NULL
"Nisia Aigaiou, Kriti",Greece,NULL
Voreio Aigaio,Greece,NULL
"Lesvos, Limnos",Greece,NULL
"Ikaria, Samos",Greece,NULL
Chios,Greece,NULL
Notio Aigaio,Greece,NULL
"Kalymnos, Karpathos – Iroiki Nisos Kasos, Kos, Rodos",Greece,NULL
"Andros, Thira, Kea, Milos, Mykonos, Naxos, Paros, Syros, Tinos",Greece,NULL
Kriti,Greece,NULL
Irakleio,Greece,NULL
Lasithi,Greece,NULL
Rethymni,Greece,NULL
Chania,Greece,NULL
Voreia Elláda,Greece,NULL
"Anatoliki Makedonia, Thraki",Greece,NULL
Evros,Greece,NULL
Xanthi,Greece,NULL
Rodopi,Greece,NULL
Drama,Greece,NULL
"Thasos, Kavala",Greece,NULL
Kentriki Makedonia,Greece,NULL
Imathia,Greece,NULL
Thessaloniki,Greece,NULL
Kilkis,Greece,NULL
Pella,Greece,NULL
Pieria,Greece,NULL
Serres,Greece,NULL
Chalkidiki,Greece,NULL
Dytiki Makedonia,Greece,NULL
"Grevena, Kozani",Greece,NULL
Kastoria,Greece,NULL
Florina,Greece,NULL
Ipeiros,Greece,NULL
"Arta, Preveza",Greece,NULL
Thesprotia,Greece,NULL
Ioannina,Greece,NULL
Kentriki Elláda,Greece,NULL
Thessalia,Greece,NULL
"Karditsa, Trikala",Greece,NULL
Larisa,Greece,NULL
"Magnisia, Sporades",Greece,NULL
Ionia Nisia,Greece,NULL
Zakynthos,Greece,NULL
Kerkyra,Greece,NULL
"Ithaki, Kefallinia",Greece,NULL
Lefkada,Greece,NULL
Dytiki Elláda,Greece,NULL
Aitoloakarnania,Greece,NULL
Achaia,Greece,NULL
Ileia,Greece,NULL
Sterea Elláda,Greece,NULL
Voiotia,Greece,NULL
Evvoia,Greece,NULL
Evrytania,Greece,NULL
Fthiotida,Greece,NULL
Fokida,Greece,NULL
Peloponnisos,Greece,NULL
"Argolida, Arkadia",Greece,NULL
Korinthia,Greece,NULL
"Lakonia, Messinia",Greece,NULL
Spain,Spain,Madrid
Noroeste,Spain,NULL
Galicia,Spain,NULL
Principado de Asturias,Spain,NULL
Cantabria,Spain,NULL
Noreste,Spain,NULL
País Vasco,Spain,NULL
Comunidad Foral de Navarra,Spain,NULL
La Rioja,Spain,NULL
Aragón,Spain,NULL
Comunidad de Madrid,Spain,NULL
Centro (ES),Spain,NULL
Castilla y León,Spain,NULL
Castilla-La Mancha,Spain,NULL
Extremadura,Spain,NULL
Este,Spain,NULL
Cataluña,Spain,NULL
Comunitat Valenciana,Spain,NULL
Illes Balears,Spain,NULL
Sur,Spain,NULL
Andalucía,Spain,NULL
Región de Murcia,Spain,NULL
Ciudad de Ceuta,Spain,NULL
Ciudad de Melilla,Spain,NULL
Canarias,Spain,NULL
France,France,Paris
Ile de France,France,NULL
Centre — Val de Loire,France,NULL
Bourgogne-Franche-Comté,France,NULL
Bourgogne,France,NULL
Franche-Comté,France,NULL
Normandie,France,NULL
Basse-Normandie,France,NULL
Haute-Normandie,France,NULL
Hauts-de-France,France,NULL
Nord-Pas de Calais,France,NULL
Picardie,France,NULL
Grand Est,France,NULL
Alsace,France,NULL
Champagne-Ardenne,France,NULL
Lorraine,France,NULL
Pays de la Loire,France,NULL
Bretagne,France,NULL
Nouvelle-Aquitaine,France,NULL
Aquitaine,France,NULL
Limousin,France,NULL
Poitou-Charentes,France,NULL
Occitanie,France,NULL
Languedoc-Roussillon,France,NULL
Midi-Pyrénées,France,NULL
Auvergne-Rhône-Alpes,France,NULL
Auvergne,France,NULL
Rhône-Alpes,France,NULL
Provence-Alpes-Côte d’Azur,France,NULL
Corse,France,NULL
RUP FR — Régions Ultrapériphériques Françaises,France,NULL
Guadeloupe,France,NULL
Martinique,France,NULL
Guyane,France,NULL
La Réunion,France,NULL
Mayotte,France,NULL
Croatia,Croatia,Zagreb
Hrvatska,Croatia,NULL
Panonska Hrvatska,Croatia,NULL
Bjelovarsko-bilogorska županija,Croatia,NULL
Virovitičko-podravska županija,Croatia,NULL
Požeško-slavonska županija,Croatia,NULL
Brodsko-posavska županija,Croatia,NULL
Osječko-baranjska županija,Croatia,NULL
Vukovarsko-srijemska županija,Croatia,NULL
Karlovačka županija,Croatia,NULL
Sisačko-moslavačka županija,Croatia,NULL
Jadranska Hrvatska,Croatia,NULL
Primorsko-goranska županija,Croatia,NULL
Ličko-senjska županija,Croatia,NULL
Zadarska županija,Croatia,NULL
Šibensko-kninska županija,Croatia,NULL
Splitsko-dalmatinska županija,Croatia,NULL
Istarska županija,Croatia,NULL
Dubrovačko-neretvanska županija,Croatia,NULL
Grad Zagreb,Croatia,NULL
Grad Zagreb,Croatia,NULL
Sjeverna Hrvatska,Croatia,NULL
Međimurska županija,Croatia,NULL
Varaždinska županija,Croatia,NULL
Koprivničko-križevačka županija,Croatia,NULL
Krapinsko-zagorska županija,Croatia,NULL
Zagrebačka županija,Croatia,NULL
Italy,Italy,Rome
Nord-Ovest,Italy,NULL
Piemonte,Italy,NULL
Torino,Italy,NULL
Vercelli,Italy,NULL
Biella,Italy,NULL
Verbano-Cusio-Ossola,Italy,NULL
Novara,Italy,NULL
Cuneo,Italy,NULL
Asti,Italy,NULL
Alessandria,Italy,NULL
Valle d’Aosta/Vallée d’Aoste,Italy,NULL
Valle d’Aosta/Vallée d’Aoste,Italy,NULL
Liguria,Italy,NULL
Imperia,Italy,NULL
Savona,Italy,NULL
Genova,Italy,NULL
La Spezia,Italy,NULL
Lombardia,Italy,NULL
Varese,Italy,NULL
Como,Italy,NULL
Lecco,Italy,NULL
Sondrio,Italy,NULL
Bergamo,Italy,NULL
Brescia,Italy,NULL
Pavia,Italy,NULL
Lodi,Italy,NULL
Cremona,Italy,NULL
Mantova,Italy,NULL
Milano,Italy,NULL
Monza e della Brianza,Italy,NULL
Sud,Italy,NULL
Abruzzo,Italy,NULL
L’Aquila,Italy,NULL
Teramo,Italy,NULL
Pescara,Italy,NULL
Chieti,Italy,NULL
Molise,Italy,NULL
Isernia,Italy,NULL
Campobasso,Italy,NULL
Campania,Italy,NULL
Caserta,Italy,NULL
Benevento,Italy,NULL
Napoli,Italy,NULL
Avellino,Italy,NULL
Salerno,Italy,NULL
Puglia,Italy,NULL
Taranto,Italy,NULL
Brindisi,Italy,NULL
Lecce,Italy,NULL
Foggia,Italy,NULL
Bari,Italy,NULL
Barletta-Andria-Trani,Italy,NULL
Basilicata,Italy,NULL
Potenza,Italy,NULL
Matera,Italy,NULL
Calabria,Italy,NULL
Cosenza,Italy,NULL
Crotone,Italy,NULL
Catanzaro,Italy,NULL
Vibo Valentia,Italy,NULL
Reggio Calabria,Italy,NULL
Isole,Italy,NULL
Sicilia,Italy,NULL
Trapani,Italy,NULL
Palermo,Italy,NULL
Messina,Italy,NULL
Agrigento,Italy,NULL
Caltanissetta,Italy,NULL
Enna,Italy,NULL
Catania,Italy,NULL
Ragusa,Italy,NULL
Siracusa,Italy,NULL
Sardegna,Italy,NULL
Sassari,Italy,NULL
Nuoro,Italy,NULL
Cagliari,Italy,NULL
Oristano,Italy,NULL
Sud Sardegna,Italy,NULL
Nord-Est,Italy,NULL
Provincia Autonoma di Bolzano/Bozen,Italy,NULL
Bolzano-Bozen,Italy,NULL
Provincia Autonoma di Trento,Italy,NULL
Trento,Italy,NULL
Veneto,Italy,NULL
Verona,Italy,NULL
Vicenza,Italy,NULL
Belluno,Italy,NULL
Treviso,Italy,NULL
Venezia,Italy,NULL
Padova,Italy,NULL
Rovigo,Italy,NULL
Friuli-Venezia Giulia,Italy,NULL
Pordenone,Italy,NULL
Udine,Italy,NULL
Gorizia,Italy,NULL
Trieste,Italy,NULL
Emilia-Romagna,Italy,NULL
Piacenza,Italy,NULL
Parma,Italy,NULL
Reggio nell’Emilia,Italy,NULL
Modena,Italy,NULL
Bologna,Italy,NULL
Ferrara,Italy,NULL
Ravenna,Italy,NULL
Forlì-Cesena,Italy,NULL
Rimini,Italy,NULL
Centro (IT),Italy,NULL
Toscana,Italy,NULL
Massa-Carrara,Italy,NULL
Lucca,Italy,NULL
Pistoia,Italy,NULL
Firenze,Italy,NULL
Prato,Italy,NULL
Livorno,Italy,NULL
Pisa,Italy,NULL
Arezzo,Italy,NULL
Siena,Italy,NULL
Grosseto,Italy,NULL
Umbria,Italy,NULL
Perugia,Italy,NULL
Terni,Italy,NULL
Marche,Italy,NULL
Pesaro e Urbino,Italy,NULL
Ancona,Italy,NULL
Macerata,Italy,NULL
Ascoli Piceno,Italy,NULL
Fermo,Italy,NULL
Lazio,Italy,NULL
Viterbo,Italy,NULL
Rieti,Italy,NULL
Roma,Italy,NULL
Latina,Italy,NULL
Frosinone,Italy,NULL
Cyprus,Cyprus,Nicosia
Kýpros,Cyprus,NULL
Latvia,Latvia,Riga
Latvija,Latvia,NULL
Latgale,Latvia,NULL
Zemgale,Latvia,NULL
Rīga,Latvia,NULL
Kurzeme,Latvia,NULL
Vidzeme,Latvia,NULL
Lithuania,Lithuania,Vilnius
Lietuva,Lithuania,NULL
Sostinės regionas,Lithuania,NULL
Vilniaus apskritis,Lithuania,NULL
Vidurio ir vakarų Lietuvos regionas,Lithuania,NULL
Alytaus apskritis,Lithuania,NULL
Kauno apskritis,Lithuania,NULL
Klaipėdos apskritis,Lithuania,NULL
Marijampolės apskritis,Lithuania,NULL
Panevėžio apskritis,Lithuania,NULL
Šiaulių apskritis,Lithuania,NULL
Tauragės apskritis,Lithuania,NULL
Telšių apskritis,Lithuania,NULL
Utenos apskritis,Lithuania,NULL
Luxembourg,Luxembourg,Luxembourg City
Luxembourg,Luxembourg,Luxembourg City
Hungary,Hungary,Budapest
Közép-Magyarország,Hungary,NULL
Budapest,Hungary,NULL
Budapest,Hungary,NULL
Pest,Hungary,NULL
Pest,Hungary,NULL
Dunántúl,Hungary,NULL
Közép-Dunántúl,Hungary,NULL
Fejér,Hungary,NULL
Komárom-Esztergom,Hungary,NULL
Veszprém,Hungary,NULL
Nyugat-Dunántúl,Hungary,NULL
Győr-Moson-Sopron,Hungary,NULL
Vas,Hungary,NULL
Zala,Hungary,NULL
Dél-Dunántúl,Hungary,NULL
Baranya,Hungary,NULL
Somogy,Hungary,NULL
Tolna,Hungary,NULL
Alföld és Észak,Hungary,NULL
Észak-Magyarország,Hungary,NULL
Borsod-Abaúj-Zemplén,Hungary,NULL
Heves,Hungary,NULL
Nógrád,Hungary,NULL
Észak-Alföld,Hungary,NULL
Hajdú-Bihar,Hungary,NULL
Jász-Nagykun-Szolnok,Hungary,NULL
Szabolcs-Szatmár-Bereg,Hungary,NULL
Dél-Alföld,Hungary,NULL
Bács-Kiskun,Hungary,NULL
Békés,Hungary,NULL
Csongrád-Csanád,Hungary,NULL
Malta,Malta,Valletta
Netherlands,Netherlands,Amsterdam
Noord-Nederland,Netherlands,NULL
Groningen,Netherlands,NULL
Friesland (NL),Netherlands,NULL
Drenthe,Netherlands,NULL
Oost-Nederland,Netherlands,NULL
Overijssel,Netherlands,NULL
Gelderland,Netherlands,NULL
Flevoland,Netherlands,NULL
West-Nederland,Netherlands,NULL
Utrecht (NUTS 2021),Netherlands,NULL
Noord-Holland,Netherlands,NULL
Zuid-Holland (NUTS 2021),Netherlands,NULL
Zeeland,Netherlands,NULL
Utrecht,Netherlands,NULL
Zuid-Holland,Netherlands,NULL
Zuid-Nederland,Netherlands,NULL
Noord-Brabant,Netherlands,NULL
Limburg (NL),Netherlands,NULL
Austria,Austria,Vienna
Ostösterreich,Austria,NULL
Burgenland,Austria,NULL
Niederösterreich,Austria,NULL
Wien,Austria,NULL
Südösterreich,Austria,NULL
Kärnten,Austria,NULL
Steiermark,Austria,NULL
Westösterreich,Austria,NULL
Oberösterreich,Austria,NULL
Salzburg,Austria,NULL
Tirol,Austria,NULL
Vorarlberg,Austria,NULL
Poland,Poland,Warsaw
Makroregion południowy,Poland,NULL
Małopolskie,Poland,NULL
Śląskie,Poland,NULL
Makroregion północno-zachodni,Poland,NULL
Wielkopolskie,Poland,NULL
Zachodniopomorskie,Poland,NULL
Lubuskie,Poland,NULL
Makroregion południowo-zachodni,Poland,NULL
Dolnośląskie,Poland,NULL
Opolskie,Poland,NULL
Makroregion północny,Poland,NULL
Kujawsko-pomorskie,Poland,NULL
Warmińsko-mazurskie,Poland,NULL
Pomorskie,Poland,NULL
Makroregion centralny,Poland,NULL
Łódzkie,Poland,NULL
Świętokrzyskie,Poland,NULL
Makroregion wschodni,Poland,NULL
Lubelskie,Poland,NULL
Podkarpackie,Poland,NULL
Podlaskie,Poland,NULL
Makroregion województwo mazowieckie,Poland,NULL
Warszawski stołeczny,Poland,NULL
Mazowiecki regionalny,Poland,NULL
Portugal,Portugal,Lisbon
Continente,Portugal,NULL
Norte,Portugal,NULL
Alto Minho,Portugal,NULL
Cávado,Portugal,NULL
Ave,Portugal,NULL
Área Metropolitana do Porto,Portugal,NULL
Alto Tâmega e Barroso,Portugal,NULL
Tâmega e Sousa,Portugal,NULL
Douro,Portugal,NULL
Terras de Trás-os-Montes,Portugal,NULL
Algarve,Portugal,NULL
Algarve,Portugal,NULL
Centro (PT) (NUTS 2021),Portugal,NULL
Área Metropolitana de Lisboa (NUTS 2021),Portugal,NULL
Alentejo (NUTS 2021),Portugal,NULL
Centro (PT),Portugal,NULL
Região de Aveiro,Portugal,NULL
Região de Coimbra,Portugal,NULL
Região de Leiria,Portugal,NULL
Viseu Dão Lafões,Portugal,NULL
Beira Baixa,Portugal,NULL
Beiras e Serra da Estrela,Portugal,NULL
Grande Lisboa,Portugal,NULL
Península de Setúbal,Portugal,NULL
Alentejo,Portugal,NULL
Alentejo Litoral,Portugal,NULL
Baixo Alentejo,Portugal,NULL
Alto Alentejo,Portugal,NULL
Alentejo Central,Portugal,NULL
Oeste e Vale do Tejo,Portugal,NULL
Oeste,Portugal,NULL
Médio Tejo,Portugal,NULL
Lezíria do Tejo,Portugal,NULL
Região Autónoma dos Açores,Portugal,NULL
Região Autónoma dos Açores,Portugal,NULL
Região Autónoma da Madeira,Portugal,NULL
Região Autónoma da Madeira,Portugal,NULL
Romania,Romania,Bucharest
Macroregiunea Unu,Romania,NULL
Nord-Vest,Romania,NULL
Centru,Romania,NULL
Macroregiunea Doi,Romania,NULL
Nord-Est,Romania,NULL
Sud-Est,Romania,NULL
Macroregiunea Trei,Romania,NULL
Sud-Muntenia,Romania,NULL
Bucureşti-Ilfov,Romania,NULL
Macroregiunea Patru,Romania,NULL
Sud-Vest Oltenia,Romania,NULL
Vest,Romania,NULL
Slovenia,Slovenia,Ljubljana
Slovenija,Slovenia,NULL
Vzhodna Slovenija,Slovenia,NULL
Pomurska,Slovenia,NULL
Podravska,Slovenia,NULL
Koroška,Slovenia,NULL
Savinjska,Slovenia,NULL
Zasavska,Slovenia,NULL
Posavska,Slovenia,NULL
Jugovzhodna Slovenija,Slovenia,NULL
Primorsko-notranjska,Slovenia,NULL
Zahodna Slovenija,Slovenia,NULL
Osrednjeslovenska,Slovenia,NULL
Gorenjska,Slovenia,NULL
Goriška,Slovenia,NULL
Obalno-kraška,Slovenia,NULL
Slovakia,Slovakia,Bratislava
Slovensko,Slovakia,NULL
Bratislavský kraj,Slovakia,NULL
Bratislavský kraj,Slovakia,NULL
Západné Slovensko,Slovakia,NULL
Trnavský kraj,Slovakia,NULL
Trenčiansky kraj,Slovakia,NULL
Nitriansky kraj,Slovakia,NULL
Stredné Slovensko,Slovakia,NULL
Žilinský kraj,Slovakia,NULL
Banskobystrický kraj,Slovakia,NULL
Východné Slovensko,Slovakia,NULL
Prešovský kraj,Slovakia,NULL
Košický kraj,Slovakia,NULL
Finland,Finland,Helsinki
Manner-Suomi,Finland,NULL
Länsi-Suomi,Finland,NULL
Satakunta,Finland,NULL
Keski-Suomi,Finland,NULL
Etelä-Pohjanmaa,Finland,NULL
Pohjanmaa,Finland,NULL
Pirkanmaa,Finland,NULL
Helsinki-Uusimaa,Finland,NULL
Helsinki-Uusimaa,Finland,NULL
Etelä-Suomi,Finland,NULL
Varsinais-Suomi,Finland,NULL
Kanta-Häme,Finland,NULL
Etelä-Karjala,Finland,NULL
Päijät-Häme,Finland,NULL
Kymenlaakso,Finland,NULL
Pohjois- ja Itä-Suomi,Finland,NULL
Keski-Pohjanmaa,Finland,NULL
Lappi,Finland,NULL
Kainuu,Finland,NULL
Pohjois-Pohjanmaa,Finland,NULL
Etelä-Savo,Finland,NULL
Pohjois-Savo,Finland,NULL
Pohjois-Karjala,Finland,NULL
Åland,Finland,NULL
Åland,Finland,NULL
Sweden,Sweden,Stockholm
Östra Sverige,Sweden,NULL
Stockholm,Sweden,NULL
Stockholms län,Sweden,NULL
Östra Mellansverige,Sweden,NULL
Uppsala län,Sweden,NULL
Södermanlands län,Sweden,NULL
Östergötlands län,Sweden,NULL
Örebro län,Sweden,NULL
Västmanlands län,Sweden,NULL
Södra Sverige,Sweden,NULL
Småland med öarna,Sweden,NULL
Jönköpings län,Sweden,NULL
Kronobergs län,Sweden,NULL
Kalmar län,Sweden,NULL
Gotlands län,Sweden,NULL
Sydsverige,Sweden,NULL
Blekinge län,Sweden,NULL
Skåne län,Sweden,NULL
Västsverige,Sweden,NULL
Hallands län,Sweden,NULL
Västra Götalands län,Sweden,NULL
Norra Sverige,Sweden,NULL
Norra Mellansverige,Sweden,NULL
Värmlands län,Sweden,NULL
Dalarnas län,Sweden,NULL
Gävleborgs län,Sweden,NULL
Mellersta Norrland,Sweden,NULL
Västernorrlands län,Sweden,NULL
Jämtlands län,Sweden,NULL
Övre Norrland,Sweden,NULL
Västerbottens län,Sweden,NULL
Norrbottens län,Sweden,NULL
Iceland,Iceland,Reykjavik
Ísland,Iceland,NULL
Liechtenstein,Liechtenstein,Vaduz
Liechtenstein,Liechtenstein,Vaduz
Norway,Norway,Oslo
Norge,Norway,NULL
Innlandet,Norway,NULL
Innlandet,Norway,NULL
Trøndelag,Norway,NULL
Trøndelag/Trööndelage,Norway,NULL
Nord-Norge,Norway,NULL
Nordland/Nordlánnda,Norway,NULL
Troms/Romsa/Tromssa,Norway,NULL
Finnmark/Finnmárku/Finmarkku,Norway,NULL
Oslo og Viken,Norway,NULL
Oslo,Norway,NULL
Østfold,Norway,NULL
Akershus,Norway,NULL
Buskerud,Norway,NULL
Agder og Sør-Østlandet,Norway,NULL
Agder,Norway,NULL
Vestfold,Norway,NULL
Telemark,Norway,NULL
Vestlandet,Norway,NULL
Rogaland,Norway,NULL
Vestland,Norway,NULL
Møre og Romsdal,Norway,NULL
Svalbard og Jan Mayen,Norway,NULL
Jan Mayen,Norway,NULL
Svalbard,Norway,NULL
Switzerland,Switzerland,Bern
Schweiz/Suisse/Svizzera,Switzerland,NULL
Région lémanique,Switzerland,NULL
Espace Mittelland,Switzerland,NULL
Nordwestschweiz,Switzerland,NULL
Zürich,Switzerland,NULL
Ostschweiz,Switzerland,NULL
Zentralschweiz,Switzerland,NULL
Ticino,Switzerland,NULL
Montenegro,Montenegro,Podgorica
Crna Gora,Montenegro,NULL
North Macedonia,North Macedonia,Skopje
Severna Makedonija,North Macedonia,NULL
Vardarski,North Macedonia,NULL
Istočen,North Macedonia,NULL
Jugozapaden,North Macedonia,NULL
Jugoistočen,North Macedonia,NULL
Pelagoniski,North Macedonia,NULL
Pološki,North Macedonia,NULL
Severoistočen,North Macedonia,NULL
Skopski,North Macedonia,NULL
Albania,Albania,Tirana
Shqipëria,Albania,NULL
Veri,Albania,NULL
Qender,Albania,NULL
Jug,Albania,NULL
Serbia,Serbia,Belgrade
Srbija - sever,Serbia,NULL
Beogradski region,Serbia,NULL
Region Vojvodine,Serbia,NULL
Srbija - jug,Serbia,NULL
Region Sumadije i Zapadne Srbije,Serbia,NULL
Region Juzne i Istocne Srbije,Serbia,NULL
Special value,Serbia,NULL
:,Serbia,NULL
